"id","name","series","type","race","cost","star","maxLv","maxExp","minHp","maxHp","minAtk","maxAtk","hpGrow","atkGrow","blendValue","saleValue","leaderSkillName","leaderSkillEffect","activeSkillName","activeSkillEffect","activeSkillFactor","initCD","minCD","normalSkillName","normalSkillEffect","normalSkillFactor"," normalSkillColors","normalSkillName2","normalSkillEffect2","normalSkillFactor2"," normalSkillColors2","passiveSkillName","passiveSkillEffect","getPath1","getPath2","getPath3","evolveParts","evoTargetUnitId","evoFriendType","evoFriendRace,"evoFriendLv"
"001","赤音 — Akane","主角","火","人类","2","3","5","632","52","152","57","77","早熟","早熟","100","50","火属性提升：攻击 — Fire Rise: Assault","所有火属性Unit的ATK提升至1.5倍","闪燃新星 — Flare Nova","对全体敌人造成3倍ATK的火属性攻击","3","15","10","点燃 — Ignite","对单体敌人造成1.0倍ATK的火属性攻击","1.0","火 火","","","","","","","有","无","开始游戏时选取的主角","49","002","任何","不限","Lv.1或以上"
"002","甲士赤音","主角","火","人类","4","4","15","14463","124","498","73","240","早熟","早熟","175","100","火属性提升：攻击 — Fire Rise: Assault","所有火属性Unit的ATK提升至1.5倍","闪燃新星 — Flare Nova","对全体敌人造成3倍ATK的火属性攻击","3","15","10","点燃：贰式 — Ignite: Second","对单体敌人造成1.6倍ATK的火属性攻击","1.6","火 火","米吉多‧火焰 — Megiddo Flame","对全体敌人造成1.0倍ATK的火属性攻击","1.0","火 火 火 火 火","","","无","无","进化","62 49","003","火","不限","Lv.10或以上"
"003","炎甲士赤音","主角","火","人类","6","5","35","132934","400","979","212","516","早熟","早熟","350","150","火属性提升：攻击 — Fire Rise: Assault","所有火属性Unit的ATK提升至1.5倍","熔岩新星 — Lava Nova","对全体敌人造成10倍ATK的火属性攻击","10","45","30","点燃：叁式 — Ignite: Third","对单体敌人造成2.3倍ATK的火属性攻击","2.3","火 火","米吉多‧火焰 — Megiddo Flame","对全体敌人造成1.0倍ATK的火属性攻击","1.0","火 火 火 火 火","","","无","无","进化","181 62 50","004","火","不限","Lv.25或以上"
"004","火炎甲士赤音","主角","火","人类","10","6","99","3500000","778","2147","429","806","早熟","早熟","500","200","火属性提升：攻击Ⅱ — Fire Rise: AssaultII","所有火属性Unit的ATK提升至2.0倍","熔岩新星 — Lava Nova","对全体敌人造成10倍ATK的火属性攻击","10","45","30","点燃：烈焰 — Ignite: Homura","对单体敌人造成2.3倍ATK的火属性攻击","2.3","火 火","米吉多‧炼狱 — Megiddo Inferno","对全体敌人造成1.0倍ATK的火属性攻击","1.0","火 火 火 火 火","","","无","无","进化","","0","不限","不限","0"
"005","苍人 — Aoto","主角","水","人类","2","3","5","632","62","167","42","69","早熟","早熟","100","50","水属性提升：攻击 — Aqua Rise: Assault","所有水属性Unit的ATK提升至1.5倍","寒冷冰川 — Cold Glacier","对全体敌人造成3倍ATK的水属性攻击","3","15","10","海神 — Watatsumi","对单体敌人造成1.0倍ATK的水属性攻击","1.0","水 水","","","","","","","有","无","开始游戏时选取的主角","51","006","任何","不限","Lv.1或以上"
"006","刀士苍人","主角","水","人类","4","4","15","14463","127","528","57","235","早熟","早熟","175","100","水属性提升：攻击 — Aqua Rise: Assault","所有水属性Unit的ATK提升至1.5倍","寒冷冰川 — Cold Glacier","对全体敌人造成3倍ATK的水属性攻击","3","15","10","海神：贰式 — Watatsumi: Second","对单体敌人造成1.0倍ATK的水属性攻击","1.0","水 水","片刻‧零度 — Moment Zero","对全体敌人造成1.0倍ATK的水属性攻击","1.0","水 水 水 水 水","","","无","无","进化","64 51","007","水","不限","Lv.10或以上"
"007","水刀士苍人","主角","水","人类","6","5","35","132934","424","1007","198","480","早熟","早熟","350","150","水属性提升：攻击 — Aqua Rise: Assault","所有水属性Unit的ATK提升至1.5倍","冻结冰川 — Freeze Glacier","对全体敌人造成10倍ATK的水属性攻击","10","45","30","海神：叁式 — Watatsumi: Third","对单体敌人造成1.6倍ATK的水属性攻击","1.6","水 水","片刻‧零度 — Moment Zero","对全体敌人造成1.0倍ATK的水属性攻击","1.0","水 水 水 水 水","","","无","无","进化","182 64 52","008","水","不限","Lv.25或以上"
"008","流水刀士苍人","主角","水","人类","10","6","99","3500000","801","2390","439","967","早熟","早熟","500","200","水属性提升：攻击Ⅱ — Aqua Rise: AssaultII","所有水属性Unit的ATK提升至2.0倍","冻结冰川 — Freeze Glacier","对全体敌人造成10倍ATK的水属性攻击","10","45","30","海神：灵魂 — Watatsumi: Mabui","对单体敌人造成1.6倍ATK的水属性攻击","1.6","水 水","绝对‧零度 — Absolute Zero","对全体敌人造成1.8倍ATK的水属性攻击","1.8","水 水 水 水 水","","","无","无","进化","","0","不限","不限","0"
"009","小翠 — Midori","主角","风","人类","2","3","5","632","67","162","32","62","早熟","早熟","100","50","风属性提升：攻击 — Wind Rise: Assault","所有风属性Unit的ATK提升至1.5倍","微风突袭 — Breeze Raid","对全体敌人造成3倍ATK的风属性攻击","3","15","10","风神 — Fēngshén","对单体敌人造成1.0倍ATK的风属性攻击","1.0","风 风","","","","","","","有","无","开始游戏时选取的主角","53","010","任何","不限","Lv.1或以上"
"010","棍士小翠","主角","风","人类","4","4","15","14463","137","560","58","217","早熟","早熟","175","100","风属性提升：攻击 — Wind Rise: Assault","所有风属性Unit的ATK提升至1.5倍","微风突袭 — Breeze Raid","对全体敌人造成3倍ATK的风属性攻击","3","15","10","风神：贰式 — Fēngshén: Èr","对单体敌人造成1.0倍ATK的风属性攻击","1.0","风 风","高空‧驾驶 — Aerial Drive","对全体敌人造成1.6倍ATK的风属性攻击","1.6","风 风 风 风 风","","","无","无","进化","66 53","011","风","不限","Lv.10或以上"
"011","风棍士小翠","主角","风","人类","6","5","35","132934","447","1017","191","470","早熟","早熟","350","150","风属性提升：攻击 — Wind Rise: Assault","所有风属性Unit的ATK提升至1.5倍","疾风突袭 — Blast Raid","对全体敌人造成10倍ATK的风属性攻击","10","45","30","风神：叁式 — Fēngshén: Sān","对单体敌人造成1.0倍ATK的风属性攻击","1.0","风 风","高空‧驾驶 — Aerial Drive","对全体敌人造成1.6倍ATK的风属性攻击","1.6","风 风 风 风 风","","","无","无","进化","183 66 54","012","风","不限","Lv.25或以上"
"012","疾风棍士小翠","主角","风","人类","10","6","99","3500000","818","2198","425","945","早熟","早熟","500","200","风属性提升：攻击Ⅱ — Wind Rise: AssaultII","所有风属性Unit的ATK提升至2.0倍","疾风突袭 — Blast Raid","对全体敌人造成10倍ATK的风属性攻击","10","45","30","风神：神乐 — Fēngshén: Kagura","对单体敌人造成1.6倍ATK的风属性攻击","1.6","风 风","高空‧天龙 — Aerial Dragon","对全体敌人造成2.5倍ATK的风属性攻击","2.5","风 风 风 风 风","","","无","无","进化","","0","不限","不限","0"
"013","小光 — Hikari","主角","光","人类","2","3","5","632","47","144","52","73","早熟","早熟","100","50","光属性提升：攻击 — Light Rise: Assault","所有光属性Unit的ATK提升至1.5倍","光子射线 — Photon Ray","对全体敌人造成3倍ATK的光属性攻击","3","15","10","日光 — Lumière","对单体敌人造成1.0倍ATK的光属性攻击","1.0","光 光","","","","","","","有","无","","55","014","任何","不限","Lv.1或以上"
"014","剑士小光","主角","光","人类","4","4","15","14463","115","461","68","222","早熟","早熟","175","100","光属性提升：攻击 — Light Rise: Assault","所有光属性Unit的ATK提升至1.5倍","光子射线 — Photon Ray","对全体敌人造成3倍ATK的光属性攻击","3","15","10","日光：贰式 — Lumière: Deux","对单体敌人造成1.0倍ATK的光属性攻击","1.0","光 光","圣洁‧日落 — Holy Sunset","对全体敌人造成1.0倍ATK的光属性攻击","1.0","光 光 光 光 光","","","无","无","进化","68 55","015","光","不限","Lv.10或以上"
"015","光剑士小光","主角","光","人类","6","5","35","132934","374","930","204","490","早熟","早熟","350","150","光属性提升：攻击 — Light Rise: Assault","所有光属性Unit的ATK提升至1.5倍","闪烁射线 — Luminous Ray","对全体敌人造成10倍ATK的光属性攻击","10","45","30","日光：叁式 — Lumière: Trois","对单体敌人造成1.6倍ATK的光属性攻击","1.6","光 光","圣洁‧日落 — Holy Sunset","对全体敌人造成1.0倍ATK的光属性攻击","1.0","光 光 光 光 光","","","无","无","进化","160 68 56","016","光","不限","Lv.25或以上"
"016","闪光剑士小光","主角","光","人类","10","6","99","3500000","750","2669","440","1032","早熟","早熟","500","200","光属性提升：攻击Ⅱ — Light Rise: AssaultII","所有光属性Unit的ATK提升至2.0倍","闪烁射线 — Luminous Ray","对全体敌人造成10倍ATK的光属性攻击","10","45","30","日光：那由他 — Lumière: Nayuta","对单体敌人造成1.6倍ATK的光属性攻击","1.6","光 光","圣洁‧日出 — Holy Sunrise","对全体敌人造成1.8倍ATK的光属性攻击","1.8","光 光 光 光 光","","","无","无","进化","","0","不限","不限","0"
"017","小紫 — Yukari","主角","闇","人类","2","3","5","632","42","138","62","81","早熟","早熟","100","50","闇属性提升：攻击 — Dark Rise: Assault","所有闇属性Unit的ATK提升至1.5倍","邪恶乱斩 — Evil Slash","对全体敌人造成3倍ATK的闇属性攻击","3","15","10","深渊 — Abyss","对单体敌人造成1.0倍ATK的闇属性攻击","1.0","闇 闇","","","","","","","有","无","","57","018","任何","不限","Lv.1或以上"
"018","镰士小紫","主角","闇","人类","4","4","15","14463","113","457","72","244","早熟","早熟","175","100","闇属性提升：攻击 — Dark Rise: Assault","所有闇属性Unit的ATK提升至1.5倍","邪恶乱斩 — Evil Slash","对全体敌人造成3倍ATK的闇属性攻击","3","15","10","深渊：贰式 — Abyss: Second","对单体敌人造成1.0倍ATK的闇属性攻击","1.0","闇 闇","梦魇‧巡游 — Nightmare Parade","对全体敌人造成1.6倍ATK的闇属性攻击","1.6","闇 闇 闇 闇 闇","","","无","无","进化","70 57","019","闇","不限","Lv.10或以上"
"019","闇镰士小紫","主角","闇","人类","6","5","35","132934","367","963","216","502","早熟","早熟","350","150","闇属性提升：攻击 — Dark Rise: Assault","所有闇属性Unit的ATK提升至1.5倍","恶魔乱斩 — Demon Slash","对全体敌人造成10倍ATK的闇属性攻击","10","45","30","深渊：叁式 — Abyss: Third","对单体敌人造成1.0倍ATK的闇属性攻击","1.0","闇 闇","梦魇‧巡游 — Nightmare Parade","对全体敌人造成1.6倍ATK的闇属性攻击","1.6","闇 闇 闇 闇 闇","","","无","无","进化","179 70 58","020","闇","不限","Lv.25或以上"
"020","常闇镰士小紫","主角","闇","人类","10","6","99","3500000","772","2114","450","1052","早熟","早熟","500","200","闇属性提升：攻击Ⅱ — Dark Rise: AssaultII","所有闇属性Unit的ATK提升至2.0倍","恶魔乱斩 — Demon Slash","对全体敌人造成10倍ATK的闇属性攻击","10","45","30","深渊：大蛇 — Abyss: Orochi","对单体敌人造成1.6倍ATK的闇属性攻击","1.6","闇 闇","梦魇‧马戏团 — Nightmare Circus","对全体敌人造成2.5倍ATK的闇属性攻击","2.5","闇 闇 闇 闇 闇","","","无","无","进化","","0","不限","不限","0"
"021","银次 — Ginji","主角","无","人类","2","3","5","632","54","159","49","68","早熟","早熟","100","50","无属性提升：攻击 — None Rise: Assault","所有无属性Unit的ATK提升至1.5倍","无之冲击 — None Impact","对全体敌人造成3倍ATK的无属性攻击","3","15","10","夜叉姬 — Yashahime","对单体敌人造成1.0倍ATK的无属性攻击","1.0","无 无","","","","","","","有","无","","59","022","任何","不限","Lv.1或以上"
"022","斧士银次","主角","无","人类","4","4","15","14463","124","501","67","224","早熟","早熟","175","100","无属性提升：攻击 — None Rise: Assault","所有无属性Unit的ATK提升至1.5倍","无之冲击 — None Impact","对全体敌人造成3倍ATK的无属性攻击","3","15","10","夜叉姬：贰式 — Yashahime: Second","对单体敌人造成1.6倍ATK的无属性攻击","1.6","无 无","挣扎‧空虚 — Struggle Vain","对全体敌人造成1.0倍ATK的无属性攻击","1.0","无 无 无 无 无","","","无","无","进化","72 59","023","无","不限","Lv.10或以上"
"023","无斧士银次","主角","无","人类","6","5","35","132934","398","974","206","494","早熟","早熟","350","150","无属性提升：攻击 — None Rise: Assault","所有无属性Unit的ATK提升至1.5倍","空虚冲击 — Hollow Impact","对全体敌人造成10倍ATK的无属性攻击","10","45","30","夜叉姬：叁式 — Yashahime: Third","对单体敌人造成2.3倍ATK的无属性攻击","2.3","无 无","挣扎‧空虚 — Struggle Vain","对全体敌人造成1.0倍ATK的无属性攻击","1.0","无 无 无 无 无","","","无","无","进化","174 72 60","024","无","不限","Lv.25或以上"
"024","绝无斧士银次","主角","无","人类","10","6","99","3500000","786","2015","445","925","早熟","早熟","500","200","无属性提升：攻击Ⅱ — None Rise: AssaultII","所有无属性Unit的ATK提升至2.0倍","空虚冲击 — Hollow Impact","对全体敌人造成10倍ATK的无属性攻击","10","45","30","夜叉姬：雅 — Yashahime: Miyabi","对单体敌人造成2.3倍ATK的无属性攻击","2.3","无 无","挣扎‧虚空 — Struggle Vanitas","对全体敌人造成1.0倍ATK的无属性攻击","1.0","无 无 无 无 无","","","无","无","进化","","0","不限","不限","0"
"025","Leva","防龙","火","龙","2","3","15","14463","42","248","49","154","晚成","晚成","100","50","防御：火 — Guard: Fire","减低来自火属性的伤害25%","火之吐息 — Fire Breath","对全体敌人造成1000点火属性攻击","","15","10","火球 — Fire Ball","对单体敌人造成1.0倍ATK的火属性攻击","1.0","火 火","","","","","","","有","无","","61 49","026","任何","不限","Lv.1或以上"
"026","Levan","防龙","火","龙","5","4","25","55650","195","547","143","304","晚成","晚成","150","100","防御：火 — Guard: Fire","减低来自火属性的伤害25%","火之吐息 — Fire Breath","对全体敌人造成1000点火属性攻击","","15","10","火球 — Fire Ball","对单体敌人造成1.0倍ATK的火属性攻击","1.0","火 火","火之冲刺 — Fire Rush","对全体敌人造成1.6倍ATK的火属性攻击","1.6","火 火 火 火 火","","","无","有","进化","181 62 50","027","火","不限","Lv.15或以上"
"027","雷瓦汀 — Lævateinn","防龙","火","龙","11","5","70","779937","441","1414","276","866","晚成","晚成","300","150","防御：火 — Guard: Fire","减低来自火属性的伤害25%","火焰吐息 — Flame Breath","对全体敌人造成3000点火属性攻击","","38","25","火球 — Fire Ball","对单体敌人造成1.0倍ATK的火属性攻击","1.0","火 火","火之冲刺 — Fire Rush","对全体敌人造成1.6倍ATK的火属性攻击","1.6","火 火 火 火 火","","","无","无","进化","181 181 50","028","火","龙","Lv.25或以上"
"028","雷瓦汀：原形 — Lævateinn: Proto","防龙","火","龙","15","5","99","5000000","1138","2384","759","1145","晚成","晚成","500","300","防御：火Ⅱ — Guard: FireII","减低来自火属性的伤害50%","岩浆吐息 — Magma Breath","对全体敌人造成10000点火属性攻击","","23","15","火之重击 — Fire Blow","对单体敌人造成1.6倍ATK的火属性攻击","1.6","火 火 火","火暴 — Fire Storm","对全体敌人造成2.5倍ATK的火属性攻击","2.5","火 火 火 火 火","","","无","无","进化","","0","不限","不限","0"
"029","Fros","防龙","水","龙","2","3","15","14463","50","317","37","130","晚成","晚成","100","50","防御：水 — Guard: Aqua","减低来自水属性的伤害25%","水之吐息 — Aqua Breath","对全体敌人造成1000点水属性攻击","","15","10","水球 — Aqua Ball","对单体敌人造成1.0倍ATK的水属性攻击","1.0","水 水","","","","","","","有","无","","63 51","030","任何","不限","Lv.1或以上"
"030","Frost","防龙","水","龙","5","4","25","55650","262","633","113","273","晚成","晚成","150","100","防御：水 — Guard: Aqua","减低来自水属性的伤害25%","水之吐息 — Aqua Breath","对全体敌人造成1000点水属性攻击","","15","10","水球 — Aqua Ball","对单体敌人造成1.0倍ATK的水属性攻击","1.0","水 水","水之冲刺 — Aqua Rush","对全体敌人造成1.6倍ATK的水属性攻击","1.6","水 水 水 水 水","","","无","有","进化","182 64 52","031","水","不限","Lv.15或以上"
"031","霍堤 — Hrotti","防龙","水","龙","11","5","70","779937","507","1535","249","804","晚成","晚成","300","150","防御：水 — Guard: Aqua","减低来自水属性的伤害25%","海洋吐息 — Ocean Breath","对全体敌人造成3000点水属性攻击","","38","25","水球 — Aqua Ball","对单体敌人造成1.0倍ATK的水属性攻击","1.0","水 水","水之冲刺 — Aqua Rush","对全体敌人造成1.6倍ATK的水属性攻击","1.6","水 水 水 水 水","","","无","无","进化","182 182 52","032","水","龙","Lv.25或以上"
"032","霍堤：原形 — Hrotti: Proto","防龙","水","龙","15","5","99","5000000","1232","2562","710","1143","晚成","晚成","500","300","防御：水Ⅱ — Guard: AquaII","减低来自水属性的伤害50%","暴雪吐息 — Blizzard Breath","对全体敌人造成10000点水属性攻击","","23","15","水之重击 — Aqua Blow","对单体敌人造成1.6倍ATK的水属性攻击","1.6","水 水 水","水暴 — Aqua Storm","对全体敌人造成2.5倍ATK的水属性攻击","2.5","水 水 水 水 水","","","无","无","进化","","0","不限","不限","0"
"033","Mist","防龙","风","龙","2","3","15","14463","46","301","38","145","晚成","晚成","100","50","防御：风 — Guard: Wind","减低来自风属性的伤害25%","风之吐息 — Wind Breath","对全体敌人造成1000点风属性攻击","","15","10","风球 — Wind Ball","对单体敌人造成1.0倍ATK的风属性攻击","1.0","风 风","","","","","","","有","无","","65 53","034","任何","不限","Lv.1或以上"
"034","Mistil","防龙","风","龙","5","4","25","55650","247","604","126","300","晚成","晚成","150","100","防御：风 — Guard: Wind","减低来自风属性的伤害25%","风之吐息 — Wind Breath","对全体敌人造成1000点风属性攻击","","15","10","风球 — Wind Ball","对单体敌人造成1.0倍ATK的风属性攻击","1.0","风 风","风之冲刺 — Wind Rush","对全体敌人造成1.6倍ATK的风属性攻击","1.6","风 风 风 风 风","","","无","有","进化","183 66 54","035","风","不限","Lv.15或以上"
"035","米斯特汀 — Mistilteinn","防龙","风","龙","11","5","70","779937","482","1512","265","818","晚成","晚成","300","150","防御：风 — Guard: Wind","减低来自风属性的伤害25%","风暴吐息 — Tempest Breath","对全体敌人造成3000点风属性攻击","","38","25","风球 — Wind Ball","对单体敌人造成1.0倍ATK的风属性攻击","1.0","风 风","风之冲刺 — Wind Rush","对全体敌人造成1.6倍ATK的风属性攻击","1.6","风 风 风 风 风","","","无","无","进化","183 183 54","036","风","龙","Lv.25或以上"
"036","米斯特汀：原形 — Mistilteinn: Proto","防龙","风","龙","15","5","99","5000000","1214","2520","717","1128","晚成","晚成","500","300","防御：风Ⅱ — Guard: WindII","减低来自风属性的伤害50%","飓风吐息 — Hurricane Breath","对全体敌人造成10000点风属性攻击","","23","15","风之重击 — Wind Blow","对单体敌人造成1.6倍ATK的风属性攻击","1.6","风 风 风","风暴 — Wind Storm","对全体敌人造成2.5倍ATK的风属性攻击","2.5","风 风 风 风 风","","","无","无","进化","","0","不限","不限","0"
"037","Goon","防龙","光","龙","2","3","15","14463","42","258","39","130","晚成","晚成","100","50","防御：光 — Guard: Light","减低来自光属性的伤害25%","光之吐息 — Light Breath","对全体敌人造成1000点光属性攻击","","15","10","光球 — Light Ball","对单体敌人造成1.0倍ATK的光属性攻击","1.0","光 光","","","","","","","有","无","","67 55","038","任何","不限","Lv.1或以上"
"038","Gung","防龙","光","龙","5","4","25","55650","205","564","116","290","晚成","晚成","150","100","防御：光 — Guard: Light","减低来自光属性的伤害25%","光之吐息 — Light Breath","对全体敌人造成1000点光属性攻击","","15","10","光球 — Light Ball","对单体敌人造成1.0倍ATK的光属性攻击","1.0","光 光","光之冲刺 — Light Rush","对全体敌人造成1.6倍ATK的光属性攻击","1.6","光 光 光 光 光","","","无","有","进化","184 68 56","039","光","不限","Lv.15或以上"
"039","Gungnir","防龙","光","龙","11","5","70","779937","447","1448","265","833","晚成","晚成","300","150","防御：光 — Guard: Light","减低来自光属性的伤害25%","闪烁吐息 — Luminous Breath","对全体敌人造成3000点光属性攻击","","38","25","光球 — Light Ball","对单体敌人造成1.0倍ATK的光属性攻击","1.0","光 光","光之冲刺 — Light Rush","对全体敌人造成1.6倍ATK的光属性攻击","1.6","光 光 光 光 光","","","无","无","进化","184 184 56","040","光","龙","Lv.25或以上"
"040","冈尼尔：原形 — Gungnir: Proto","防龙","光","龙","15","5","99","5000000","1159","2398","728","1142","晚成","晚成","500","300","防御：光Ⅱ — Guard: LightII","减低来自光属性的伤害50%","棱镜吐息 — Prism Breath","对全体敌人造成10000点光属性攻击","","23","15","光之重击 — Light Blow","对单体敌人造成1.6倍ATK的光属性攻击","1.6","光 光 光","光暴 — Light Storm","对全体敌人造成2.5倍ATK的光属性攻击","2.5","光 光 光 光 光","","","无","无","进化","","0","不限","不限","0"
"041","Dan","防龙","闇","龙","2","3","15","14463","47","279","48","168","晚成","晚成","100","50","防御：闇 — Guard: Dark","减低来自闇属性的伤害25%","闇之吐息 — Dark Breath","对全体敌人造成1000点闇属性攻击","","15","10","闇球 — Dark Ball","对单体敌人造成1.0倍ATK的闇属性攻击","1.0","闇 闇","","","","","","","有","无","","69 57","042","任何","不限","Lv.1或以上"
"042","Dain","防龙","闇","龙","5","4","25","55650","225","570","144","314","晚成","晚成","150","100","防御：闇 — Guard: Dark","减低来自闇属性的伤害25%","闇之吐息 — Dark Breath","对全体敌人造成1000点闇属性攻击","","15","10","闇球 — Dark Ball","对单体敌人造成1.0倍ATK的闇属性攻击","1.0","闇 闇","闇之冲刺 — Dark Rush","对全体敌人造成1.6倍ATK的闇属性攻击","1.6","闇 闇 闇 闇 闇","","","无","有","进化","185 70 58","043","闇","不限","Lv.15或以上"
"043","戴恩雷夫 — Dáinsleif","防龙","闇","龙","11","5","70","779937","451","1474","291","846","晚成","晚成","300","150","防御：闇 — Guard: Dark","减低来自闇属性的伤害25%","绝望吐息 — Despair Breath","对全体敌人造成3000点闇属性攻击","","38","25","闇球 — Dark Ball","对单体敌人造成1.0倍ATK的闇属性攻击","1.0","闇 闇","闇之冲刺 — Dark Rush","对全体敌人造成1.6倍ATK的闇属性攻击","1.6","闇 闇 闇 闇 闇","","","无","无","进化","185 185 58","044","闇","龙","Lv.25或以上"
"044","戴恩雷夫：原形 — Dáinsleif: Proto","防龙","闇","龙","15","5","99","5000000","1182","2441","749","1123","晚成","晚成","500","300","防御：闇Ⅱ — Guard: DarkII","减低来自闇属性的伤害50%","混沌吐息 — Chaos Breath","对全体敌人造成10000点闇属性攻击","","23","15","闇之重击 — Dark Blow","对单体敌人造成1.6倍ATK的闇属性攻击","1.6","闇 闇 闇","闇暴 — Dark Storm","对全体敌人造成2.5倍ATK的闇属性攻击","2.5","闇 闇 闇 闇 闇","","","无","无","进化","","0","不限","不限","0"
"045","Tyr","防龙","无","龙","2","3","15","14463","47","282","43","149","晚成","晚成","100","50","防御：无 — Guard: None","减低来自无属性的伤害25%","无之吐息 — None Breath","对全体敌人造成1000点无属性攻击","","15","10","无球 — None Ball","对单体敌人造成1.0倍ATK的无属性攻击","1.0","无 无","","","","","","","有","无","","71 59","046","任何","不限","Lv.1或以上"
"046","Tyrfa","防龙","无","龙","5","4","25","55650","230","584","132","297","晚成","晚成","150","100","防御：无 — Guard: None","减低来自无属性的伤害25%","无之吐息 — None Breath","对全体敌人造成1000点无属性攻击","","15","10","无球 — None Ball","对单体敌人造成1.0倍ATK的无属性攻击","1.0","无 无","无之冲刺 — None Rush","对全体敌人造成1.6倍ATK的无属性攻击","1.6","无 无 无 无 无","","","无","有","进化","186 72 60","047","无","不限","Lv.15或以上"
"047","提尔锋 — Tyrfing","防龙","无","龙","11","5","70","779937","465","1473","266","839","晚成","晚成","300","150","防御：无 — Guard: None","减低来自无属性的伤害25%","空虚吐息 — Hollow Breath","对全体敌人造成3000点无属性攻击","","38","25","无球 — None Ball","对单体敌人造成1.0倍ATK的无属性攻击","1.0","无 无","无之冲刺 — None Rush","对全体敌人造成1.6倍ATK的无属性攻击","1.6","无 无 无 无 无","","","无","无","进化","186 186 60","048","无","龙","Lv.25或以上"
"048","提尔锋：原形 — Tyrfing: Proto","防龙","无","龙","15","5","99","5000000","1182","2454","728","1150","晚成","晚成","500","300","防御：无Ⅱ — Guard: NoneII","减低来自无属性的伤害50%","冲击吐息 — Impact Breath","对全体敌人造成10000点无属性攻击","","23","15","无之重击 — None Blow","对单体敌人造成1.6倍ATK的无属性攻击","1.6","无 无 无","无暴 — None Storm","对全体敌人造成2.5倍ATK的无属性攻击","2.5","无 无 无 无 无","","","无","无","进化","","0","不限","不限","0"
"049","赤元素 — Akarium","元素","火","魔物","1","1","10","3195","47","205","43","110","早熟","早熟","50","10","","","","","","","","火球 — Fire Ball","对单体敌人造成1.0倍ATK的火属性攻击","1.0","火 火","","","","","","","有","无","","61","050","任何","不限","Lv.1或以上"
"050","炎元素 — Flame-rium","元素","火","魔物","3","2","30","59544","165","485","97","327","早熟","早熟","190","20","","","心转换‧火 — Heartless: Fire","将手牌所有的心方块变成火方块（","","19","10","火球 — Fire Ball","对单体敌人造成1.0倍ATK的火属性攻击","1.0","火 火","火之拍打 — Fire Beat","对全体敌人造成1.0倍ATK的火属性攻击","1.0","火 火 火 火 火","","","有","无","进化","","0","不限","不限","0"
"051","苍元素 — Aorium","元素","水","魔物","1","1","10","3195","45","219","40","95","早熟","早熟","50","10","","","","","","","","水球 — Aqua Ball","对单体敌人造成1.0倍ATK的水属性攻击","1.0","水 水","","","","","","","有","无","","63","052","任何","不限","Lv.1或以上"
"052","水元素 — Waterium","元素","水","魔物","3","2","30","59544","176","528","92","302","早熟","早熟","190","20","","","心转换‧水 — Heartless: Aqua","将手牌所有的心方块变成水方块（","","19","10","水球 — Aqua Ball","对单体敌人造成1.0倍ATK的水属性攻击","1.0","水 水","水之拍打 — Aqua Beat","对全体敌人造成1.0倍ATK的水属性攻击","1.0","水 水 水 水 水","","","有","无","进化","","0","不限","不限","0"
"053","翠元素 — Midorium","元素","风","魔物","1","1","10","3195","43","215","39","98","早熟","早熟","50","10","","","","","","","","风球 — Wind Ball","对单体敌人造成1.0倍ATK的风属性攻击","1.0","风 风","","","","","","","有","无","","65","054","任何","不限","Lv.1或以上"
"054","风元素 — Windrium","元素","风","魔物","3","2","30","59544","172","513","90","318","早熟","早熟","190","20","","","心转换‧风 — Heartless: Wind","将手牌所有的心方块变成风方块（","","19","10","风球 — Wind Ball","对单体敌人造成1.0倍ATK的风属性攻击","1.0","风 风","风之拍打 — Wind Beat","对全体敌人造成2.5倍ATK的风属性攻击","2.5","风 风 风 风 风","","","有","无","进化","","0","不限","不限","0"
"055","光元素 — Hikarium","元素","光","魔物","1","1","10","3195","43","204","46","99","早熟","早熟","50","10","","","","","","","","光球 — Light Ball","对单体敌人造成1.0倍ATK的光属性攻击","1.0","光 光","","","","","","","有","无","","67","056","任何","不限","Lv.1或以上"
"056","耀元素 — Shine-rium","元素","光","魔物","3","2","30","59544","160","490","97","310","早熟","早熟","190","20","","","心转换‧光 — Heartless: Light","将手牌所有的心方块变成光方块（","","19","10","光球 — Light Ball","对单体敌人造成1.0倍ATK的光属性攻击","1.0","光 光","光之拍打 — Light Beat","对全体敌人造成1.0倍ATK的光属性攻击","1.0","光 光 光 光 光","","","有","无","进化","","0","不限","不限","0"
"057","闇元素 — Yamirium","元素","闇","魔物","1","1","10","3195","51","209","46","113","早熟","早熟","50","10","","","","","","","","闇球 — Dark Ball","对单体敌人造成1.0倍ATK的闇属性攻击","1.0","闇 闇","","","","","","","有","无","","69","058","任何","不限","Lv.1或以上"
"058","幽元素 — Darkrium","元素","闇","魔物","3","2","30","59544","174","510","100","322","早熟","早熟","190","20","","","心转换‧闇 — Heartless: Dark","将手牌所有的心方块变成闇方块（","","19","10","闇球 — Dark Ball","对单体敌人造成1.0倍ATK的闇属性攻击","1.0","闇 闇","闇之拍打 — Dark Beat","对全体敌人造成1倍ATK的闇属性攻击","1","闇 闇 闇 闇 闇","","","有","无","进化","","0","不限","不限","0"
"059","无元素 — Murium","元素","无","魔物","1","1","10","3195","45","205","47","101","早熟","早熟","50","10","","","","","","","","无球 — None Ball","对单体敌人造成1.0倍ATK的无属性攻击","1.0","无 无","","","","","","","有","无","","71","060","任何","不限","Lv.1或以上"
"060","空元素 — Mumu-rium","元素","无","魔物","3","2","30","59544","172","500","96","319","早熟","早熟","190","20","","","心转换‧无 — Heartless: None","将手牌所有的心方块变成无方块（","","19","10","无球 — None Ball","对单体敌人造成1.0倍ATK的无属性攻击","1.0","无 无","无之拍打 — None Beat","对全体敌人造成1.0倍ATK的无属性攻击","1.0","无 无 无 无 无","","","有","无","进化","","0","不限","不限","0"
"061","火之波克鲁 — Hino-pok-guru","波克鲁","火","妖精","2","1","10","3195","45","190","34","67","平均","平均","75","10","","","","","","","","火球 — Fire Ball","对单体敌人造成1.0倍ATK的火属性攻击","1.0","火 火","火回复 — Fire Heal","回复10%的HP","","心 火","","","有","无","","49","062","任何","不限","Lv.1或以上"
"062","火之波克鲁恩 — Hino-pok-guru~n","波克鲁","火","妖精","5","2","30","59544","154","317","64","145","平均","平均","265","20","","","","","","","","火球 — Fire Ball","对单体敌人造成1.0倍ATK的火属性攻击","1.0","火 火","火回复Ⅱ — Fire HealII","回复20%的HP","","心 心 火","","","有","无","进化","175 50","297","任何","不限","Lv.1或以上"
"063","水之波克鲁 — Mizu-pok-guru","波克鲁","水","妖精","2","1","10","3195","43","184","32","57","平均","平均","75","10","","","","","","","","水球 — Aqua Ball","对单体敌人造成1.0倍ATK的水属性攻击","1.0","水 水","水回复 — Aqua Heal","回复10%的HP","","心 水","","","有","无","","51","064","任何","不限","Lv.1或以上"
"064","水之波克鲁恩 — Mizu-pok-guru~n","波克鲁","水","妖精","5","2","30","59544","150","316","59","136","平均","平均","265","20","","","","","","","","水球 — Aqua Ball","对单体敌人造成1.0倍ATK的水属性攻击","1.0","水 水","水回复Ⅱ — Aqua HealII","回复20%的HP","","心 心 水","","","有","无","进化","176 52","298","任何","不限","Lv.1或以上"
"065","风之波克鲁 — Kaze-pok-guru","波克鲁","风","妖精","2","1","10","3195","43","185","32","61","平均","平均","75","10","","","","","","","","风球 — Wind Ball","对单体敌人造成1.0倍ATK的风属性攻击","1.0","风 风","风回复 — Wind Heal","回复10%的HP","","心 风","","","有","无","","53","066","任何","不限","Lv.1或以上"
"066","风之波克鲁恩 — Kaze-pok-guru~n","波克鲁","风","妖精","5","2","30","59544","144","310","59","145","平均","平均","265","20","","","","","","","","风球 — Wind Ball","对单体敌人造成1.0倍ATK的风属性攻击","1.0","风 风","风回复Ⅱ — Wind HealII","回复20%的HP","","心 心 风","","","有","无","进化","177 54","299","任何","不限","Lv.1或以上"
"067","光之波克鲁 — Pika-pok-guru","波克鲁","光","妖精","2","1","10","3195","38","180","24","61","平均","平均","75","10","","","","","","","","光球 — Light Ball","对单体敌人造成1.0倍ATK的光属性攻击","1.0","光 光","光回复 — Light Heal","回复10%的HP","","心 光","","","有","无","","55","068","任何","不限","Lv.1或以上"
"068","光之波克鲁恩 — Pika-pok-guru~n","波克鲁","光","妖精","5","2","30","59544","140","304","58","135","平均","平均","265","20","","","","","","","","光球 — Light Ball","对单体敌人造成1.0倍ATK的光属性攻击","1.0","光 光","光回复Ⅱ — Light HealII","回复20%的HP","","心 心 光","","","有","无","进化","178 56","300","任何","不限","Lv.1或以上"
"069","闇之波克鲁 — Yami-pok-guru","波克鲁","闇","妖精","2","1","10","3195","35","178","26","65","平均","平均","75","10","","","","","","","","闇球 — Dark Ball","对单体敌人造成1.0倍ATK的闇属性攻击","1.0","闇 闇","闇回复 — Dark Heal","回复10%的HP","","心 闇","","","有","无","","57","070","任何","不限","Lv.1或以上"
"070","闇之波克鲁恩 — Yami-pok-guru~n","波克鲁","闇","妖精","5","2","30","59544","144","296","66","147","平均","平均","265","20","","","","","","","","闇球 — Dark Ball","对单体敌人造成1.0倍ATK的闇属性攻击","1.0","闇 闇","闇回复Ⅱ — Dark HealII","回复20%的HP","","心 心 闇","","","有","无","进化","179 58","301","任何","不限","Lv.1或以上"
"071","克鲁波克鲁 — Koro-pok-guru","波克鲁","无","妖精","2","1","10","3195","39","177","27","67","平均","平均","75","10","","","","","","","","无球 — None Ball","对单体敌人造成1.0倍ATK的无属性攻击","1.0","无 无","无回复 — None Heal","回复10%的HP","","心 无","","","有","无","","59","072","任何","不限","Lv.1或以上"
"072","克鲁波克鲁恩 — Koro-pok-guru~n","波克鲁","无","妖精","5","2","30","59544","147","309","62","147","平均","平均","265","20","","","","","","","","无球 — None Ball","对单体敌人造成1.0倍ATK的无属性攻击","1.0","无 无","无回复Ⅱ — None HealII","回复20%的HP","","心 心 无","","","有","无","进化","180 60","302","任何","不限","Lv.1或以上"
"073","小猫‧火 — Kitty: Fire","猫","火","兽","2","1","10","4793","65","319","66","164","平均","平均","75","60","","","SP回复 — SP Heal","回复2格SP","","25","20","火球 — Fire Ball","对单体敌人造成1.0倍ATK的火属性攻击","1.0","火 火","","","","","","","有","无","","163","074","任何","不限","Lv.1或以上"
"074","猫‧火 — Cat: Fire","猫","火","兽","5","2","30","89317","252","608","142","530","平均","平均","265","80","","","SP回复Ⅱ — SP HealII","回复4格SP","","25","20","火之重击 — Fire Blow","对单体敌人造成1.6倍ATK的火属性攻击","1.6","火 火 火","","","","","陷阱回避：移动Ⅰ — Trap Cancel: MoveI","回避Lv1或以下的移动系陷阱","有","无","进化","","0","不限","不限","0"
"075","小猫‧水 — Kitty: Aqua","猫","水","兽","2","1","10","4793","68","340","65","153","平均","平均","75","60","","","SP回复 — SP Heal","回复2格SP","","25","20","水球 — Aqua Ball","对单体敌人造成1.0倍ATK的水属性攻击","1.0","水 水","","","","","","","有","无","","164","076","任何","不限","Lv.1或以上"
"076","猫‧水 — Cat: Aqua","猫","水","兽","5","2","30","89317","278","646","135","522","平均","平均","265","80","","","SP回复Ⅱ — SP HealII","回复4格SP","","25","20","水之重击 — Aqua Blow","对单体敌人造成1.6倍ATK的水属性攻击","1.6","水 水 水","","","","","陷阱回避：状态Ⅰ — Trap Cancel: StateI","回避Lv1或以下的状态异常系陷阱","有","无","进化","","0","不限","不限","0"
"077","小猫‧风 — Kitty: Wind","猫","风","兽","2","1","10","4793","72","333","67","157","平均","平均","75","60","","","SP回复 — SP Heal","回复2格SP","","25","20","风球 — Wind Ball","对单体敌人造成1.0倍ATK的风属性攻击","1.0","风 风","","","","","","","有","无","","165","078","任何","不限","Lv.1或以上"
"078","猫‧风 — Cat: Wind","猫","风","兽","5","2","30","89317","264","631","143","507","平均","平均","265","80","","","SP回复Ⅱ — SP HealII","回复4格SP","","25","20","风之重击 — Wind Blow","对单体敌人造成1.6倍ATK的风属性攻击","1.6","风 风 风","","","","","陷阱回避：环境Ⅰ — Trap Cancel: SceneI","回避Lv1或以下的环境变化系陷阱","有","无","进化","","0","不限","不限","0"
"079","小猫‧光 — Kitty: Light","猫","光","兽","2","1","10","4793","69","307","64","150","平均","平均","75","60","","","SP回复 — SP Heal","回复2格SP","","25","20","光球 — Light Ball","对单体敌人造成1.0倍ATK的光属性攻击","1.0","光 光","","","","","","","有","无","","166","080","任何","不限","Lv.1或以上"
"080","猫‧光 — Cat: Light","猫","光","兽","5","2","30","89317","247","596","71","517","平均","平均","265","80","","","SP回复Ⅱ — SP HealII","回复4格SP","","25","20","光之重击 — Light Blow","对单体敌人造成1.6倍ATK的光属性攻击","1.6","光 光 光","","","","","陷阱回避：伤害Ⅰ — Trap Cancel: DamageI","回避Lv1或以下的伤害系陷阱","有","无","进化","","0","不限","不限","0"
"081","小猫‧闇 — Kitty: Dark","猫","闇","兽","2","1","10","4793","73","324","73","161","平均","平均","75","60","","","SP回复 — SP Heal","回复2格SP","","25","20","闇球 — Dark Ball","对单体敌人造成1.0倍ATK的闇属性攻击","1.0","闇 闇","","","","","","","有","无","","167","082","任何","不限","Lv.1或以上"
"082","猫‧闇 — Cat: Dark","猫","闇","兽","5","2","30","89317","263","618","150","536","平均","平均","265","80","","","SP回复Ⅱ — SP HealII","回复4格SP","","25","20","闇之重击 — Dark Blow","对单体敌人造成1.6倍ATK的闇属性攻击","1.6","闇 闇 闇","","","","","陷阱回避：移动Ⅰ — Trap Cancel: MoveI","回避Lv1或以下的移动系陷阱","有","无","进化","","0","不限","不限","0"
"083","小猫‧无 — Kitty: None","猫","无","兽","2","1","10","4793","66","320","60","152","平均","平均","75","60","","","SP回复 — SP Heal","回复2格SP","","25","20","无球 — None Ball","对单体敌人造成1.0倍ATK的无属性攻击","1.0","无 无","","","","","","","有","无","","168","084","任何","不限","Lv.1或以上"
"084","猫‧无 — Cat: None","猫","无","兽","5","2","30","89317","261","619","125","525","平均","平均","265","80","","","SP回复Ⅱ — SP HealII","回复4格SP","","25","20","无之重击 — None Blow","对单体敌人造成1.6倍ATK的无属性攻击","1.6","无 无 无","","","","","陷阱回避：状态Ⅰ — Trap Cancel: StateI","回避Lv1或以下的状态异常系陷阱","有","无","进化","","0","不限","不限","0"
"085","Firetron","第三世代","火","机械","4","1","25","55650","133","820","105","320","晚成","平均","150","60","","","","","","","","火之重击 — Fire Blow","对单体敌人造成1.6倍ATK的火属性攻击","1.6","火 火 火","","","","","","","有","无","","169","086","任何","不限","Lv.1或以上"
"086","Firetron: Zwei","第三世代","火","机械","7","2","70","779937","658","2564","291","790","晚成","平均","410","80","火属性提升：生命 — Fire Rise: Life","所有火属性Unit的HP提升至1.5倍","","","","","","火之重击 — Fire Blow","对单体敌人造成1.6倍ATK的火属性攻击","1.6","火 火 火","火之冲刺 — Fire Rush","对全体敌人造成1.6倍ATK的火属性攻击","1.6","火 火 火 火 火","","","无","无","进化","175 169 169","437","任何","不限","Lv.1或以上"
"087","Watertron","第三世代","水","机械","4","1","25","14463","142","834","98","310","晚成","平均","150","60","","","","","","","","水之重击 — Aqua Blow","对单体敌人造成1.6倍ATK的水属性攻击","1.6","水 水 水","","","","","","","有","无","","170","088","任何","不限","Lv.1或以上"
"088","Watertron: Zwei","第三世代","水","机械","7","2","70","331457","661","2676","271","729","晚成","平均","410","80","水属性提升：生命 — Aqua Rise: Life","所有水属性Unit的HP提升至1.5倍","","","","","","水之重击 — Aqua Blow","对单体敌人造成1.6倍ATK的水属性攻击","1.6","水 水 水","水之冲刺 — Aqua Rush","对全体敌人造成1.6倍ATK的水属性攻击","1.6","水 水 水 水 水","","","无","无","进化","176 170 170","438","任何","不限","Lv.1或以上"
"089","Windron","第三世代","风","机械","4","1","25","14463","136","840","105","311","晚成","平均","150","60","","","","","","","","风之重击 — Wind Blow","对单体敌人造成1.6倍ATK的风属性攻击","1.6","风 风 风","","","","","","","有","无","","171","090","任何","不限","Lv.1或以上"
"090","Windron: Zwei","第三世代","风","机械","7","2","70","331457","672","2618","280","756","晚成","平均","410","80","风属性提升：生命 — Wind Rise: Life","所有风属性Unit的HP提升至1.5倍","","","","","","风之重击 — Wind Blow","对单体敌人造成1.6倍ATK的风属性攻击","1.6","风 风 风","风之冲刺 — Wind Rush","对全体敌人造成1.6倍ATK的风属性攻击","1.6","风 风 风 风 风","","","无","无","进化","177 171 171","439","任何","不限","Lv.1或以上"
"091","Lightron","第三世代","光","机械","4","1","25","14463","120","696","121","350","晚成","平均","150","60","","","","","","","","光之重击 — Light Blow","对单体敌人造成1.6倍ATK的光属性攻击","1.6","光 光 光","","","","","","","有","无","","172","092","任何","不限","Lv.1或以上"
"092","Lightron: Zwei","第三世代","光","机械","7","2","70","331457","561","2535","314","935","晚成","平均","410","80","光属性提升：生命 — Light Rise: Life","所有光属性Unit的HP提升至1.5倍","","","","","","光之重击 — Light Blow","对单体敌人造成1.6倍ATK的光属性攻击","1.6","光 光 光","光之冲刺 — Light Rush","对全体敌人造成1.6倍ATK的光属性攻击","1.6","光 光 光 光 光","","","无","无","进化","178 172 172","440","任何","不限","Lv.1或以上"
"093","Darktron","第三世代","闇","机械","4","1","25","14463","110","665","126","370","晚成","平均","150","60","","","","","","","","闇之重击 — Dark Blow","对单体敌人造成1.6倍ATK的闇属性攻击","1.6","闇 闇 闇","","","","","","","有","无","","173","094","任何","不限","Lv.1或以上"
"094","Darktron: Zwei","第三世代","闇","机械","7","2","70","331457","540","1980","314","958","晚成","平均","410","80","闇属性提升：生命 — Dark Rise: Life","所有闇属性Unit的HP提升至1.5倍","","","","","","闇之重击 — Dark Blow","对单体敌人造成1.6倍ATK的闇属性攻击","1.6","闇 闇 闇","闇之冲刺 — Dark Rush","对全体敌人造成1.6倍ATK的闇属性攻击","1.6","闇 闇 闇 闇 闇","","","无","无","进化","179 173 173","441","任何","不限","Lv.1或以上"
"095","Nontron","第三世代","无","机械","4","1","25","14463","126","774","114","331","晚成","平均","150","60","","","","","","","","无之重击 — None Blow","对单体敌人造成1.6倍ATK的无属性攻击","1.6","无 无 无","","","","","","","有","无","","174","096","任何","不限","Lv.1或以上"
"096","Nontron: Zwei","第三世代","无","机械","7","2","70","331457","619","2745","294","829","晚成","平均","410","80","无属性提升：生命 — None Rise: Life","所有无属性Unit的HP提升至1.5倍","","","","","","无之重击 — None Blow","对单体敌人造成1.6倍ATK的无属性攻击","1.6","无 无 无","无之冲刺 — None Rush","对全体敌人造成1.6倍ATK的无属性攻击","1.6","无 无 无 无 无","","","无","无","进化","180 174 174","442","任何","不限","Lv.1或以上"
"097","火锋 — Flame Edge","刑者","火","魔物","6","2","25","55650","60","653","71","394","平均","平均","225","80","","","突破防御 — Break Guard","使全体敌人在3回合内防御力降低50%","","30","15","火锋 — Flame Edge","对单体敌人造成1.0倍ATK的火属性攻击","1.0","火 火","","","","","","","有","无","","61 49","098","任何","不限","Lv.1或以上"
"098","火舌之剑 — Flametongue","刑者","火","魔物","9","3","70","779937","522","1338","351","878","平均","平均","480","120","","","突破防御 — Break Guard","使全体敌人在3回合内防御力降低50%","","30","15","火舌之剑 — Flametongue","对单体敌人造成1.6倍ATK的火属性攻击","1.6","火 火 火","","","","","反击：火 — Counter: Fire","以18%的机会率，对伤害来源造成相当于10%伤害的火属性反击","无","无","进化","175 61 49","334","任何","不限","Lv.1或以上"
"099","冰锋 — Ice Edge","刑者","水","魔物","6","2","25","55650","61","647","73","421","平均","平均","225","80","","","突破防御 — Break Guard","使全体敌人在3回合内防御力降低50%","","30","15","冰锋 — Ice Edge","对单体敌人造成1.0倍ATK的水属性攻击","1.0","水 水","","","","","","","有","无","","63 51","100","任何","不限","Lv.1或以上"
"100","冰印之剑 — Icebrand","刑者","水","魔物","9","3","70","779937","512","1220","382","933","平均","平均","480","120","","","突破防御 — Break Guard","使全体敌人在3回合内防御力降低50%","","30","15","冰印之剑 — Icebrand","对单体敌人造成1.6倍ATK的水属性攻击","1.6","水 水 水","","","","","反击：水 — Counter: Aqua","以18%的机会率，对伤害来源造成相当于10%伤害的水属性反击","无","无","进化","176 63 51","335","任何","不限","Lv.1或以上"
"101","风锋 — Wind Edge","刑者","风","魔物","6","2","25","55650","65","704","71","408","平均","平均","225","80","","","突破防御 — Break Guard","使全体敌人在3回合内防御力降低50%","","30","15","风锋 — Wind Edge","对单体敌人造成1.0倍ATK的风属性攻击","1.0","风 风","","","","","","","有","无","","65 53","102","任何","不限","Lv.1或以上"
"102","风之长矛 — Wind Spear","刑者","风","魔物","9","3","70","779937","569","1277","361","907","平均","平均","480","120","","","突破防御 — Break Guard","使全体敌人在3回合内防御力降低50%","","30","15","风之长矛 — Wind Spear","对单体敌人造成1.6倍ATK的风属性攻击","1.6","风 风 风","","","","","反击：风 — Counter: Wind","以18%的机会率，对伤害来源造成相当于10%伤害的风属性反击","无","无","进化","177 65 53","336","任何","不限","Lv.1或以上"
"103","光锋 — Light Edge","刑者","光","魔物","6","2","25","55650","59","681","63","389","平均","平均","225","80","","","突破防御 — Break Guard","使全体敌人在3回合内防御力降低50%","","30","15","光锋 — Light Edge","对单体敌人造成1.0倍ATK的光属性攻击","1.0","光 光","","","","","","","有","无","","67 55","104","任何","不限","Lv.1或以上"
"104","光之利刃 — Light Blade","刑者","光","魔物","9","3","70","779937","550","1243","346","891","平均","平均","480","120","","","突破防御 — Break Guard","使全体敌人在3回合内防御力降低50%","","30","15","光之利刃 — Light Blade","对单体敌人造成1.6倍ATK的光属性攻击","1.6","光 光 光","","","","","反击：光 — Counter: Light","以18%的机会率，对伤害来源造成相当于10%伤害的光属性反击","无","无","进化","178 67 55","337","任何","不限","Lv.1或以上"
"105","闇锋 — Dark Edge","刑者","闇","魔物","6","2","25","55650","60","698","70","410","平均","平均","225","80","","","突破防御 — Break Guard","使全体敌人在3回合内防御力降低50%","","30","15","闇锋 — Dark Edge","对单体敌人造成1.0倍ATK的闇属性攻击","1.0","闇 闇","","","","","","","有","无","","69 57","106","任何","不限","Lv.1或以上"
"106","闇之镰刀 — Dark Scythe","刑者","闇","魔物","9","3","70","779937","555","1312","374","917","平均","平均","480","120","","","突破防御 — Break Guard","使全体敌人在3回合内防御力降低50%","","30","15","闇之镰刀 — Dark Scythe","对单体敌人造成1.6倍ATK的闇属性攻击","1.6","闇 闇 闇","","","","","反击：闇 — Counter: Dark","以18%的机会率，对伤害来源造成相当于10%伤害的闇属性反击","无","无","进化","179 69 57","338","任何","不限","Lv.1或以上"
"107","零锋 — Zero Edge","刑者","无","魔物","6","2","25","55650","62","678","69","402","平均","平均","225","80","","","突破防御 — Break Guard","使全体敌人在3回合内防御力降低50%","","30","15","零锋 — Zero Edge","对单体敌人造成1.0倍ATK的无属性攻击","1.0","无 无","","","","","","","有","无","","71 59","108","任何","不限","Lv.1或以上"
"108","无武士刀 — Avidyā Katana","刑者","无","魔物","9","3","70","779937","543","1279","365","910","平均","平均","480","120","","","突破防御 — Break Guard","使全体敌人在3回合内防御力降低50%","","30","15","无武士刀 — Avidyā Katana","对单体敌人造成1.6倍ATK的无属性攻击","1.6","无 无 无","","","","","反击：无 — Counter: None","以18%的机会率，对伤害来源造成相当于10%伤害的无属性反击","无","无","进化","180 71 59","339","任何","不限","Lv.1或以上"
"109","小德娜 — Tiny Echidna","乙女","火","妖精","5","3","25","37100","23","271","41","253","早熟","早熟","150","115","妖精提升：生命 — Spiri-Rise: Life","所有妖精种族Unit的HP提升至1.5倍","小小天上之火 — Tiny Celes Fire","对全体敌人造成1000点火属性攻击","","15","10","火球 — Fire Ball","对单体敌人造成1.0倍ATK的火属性攻击","1.0","火 火","火回复 — Fire Heal","回复10%的HP","","心 火","","","无","有","","157 49","110","任何","不限","Lv.1或以上"
"110","厄客德娜 — Echidna","乙女","火","妖精","8","4","70","519958","213","841","224","558","早熟","早熟","450","150","妖精提升：生命Ⅱ — Spiri-Rise: LifeII","所有妖精种族Unit的HP提升至2.0倍","天上之火 — Celes Fire","对全体敌人造成3000点火属性攻击","","23","15","火之重击 — Fire Blow","对单体敌人造成1.6倍ATK的火属性攻击","1.6","火 火 火","火回复Ⅱ — Fire HealII","回复20%的HP","","心 心 火","","","无","有","进化","157 50","444","火","不限","Lv.10或以上"
"111","小人鱼 — Tiny Mermaid","乙女","水","妖精","5","3","25","37100","30","315","42","203","早熟","早熟","150","115","战斗回复 — Battle Heal","战斗时，每回合回复5% HP","小小治疗之水 — Tiny Cure Aqua","回复1000点HP","","27","18","水球 — Aqua Ball","对单体敌人造成1.0倍ATK的水属性攻击","1.0","水 水","水回复 — Aqua Heal","回复10%的HP","","心 水","","","无","有","","158 51","112","任何","不限","Lv.1或以上"
"112","美人鱼 — Mermaid","乙女","水","妖精","8","4","70","519958","255","871","181","537","早熟","早熟","450","150","战斗回复 — Battle Heal","战斗时，每回合回复5% HP","治疗之水 — Cure Aqua","回复2000点HP","","23","15","水之重击 — Aqua Blow","对单体敌人造成1.6倍ATK的水属性攻击","1.6","水 水 水","水回复Ⅱ — Aqua HealII","回复20%的HP","","心 心 水","","","无","有","进化","158 52","445","水","不限","Lv.10或以上"
"113","小娜温 — Tiny Alraune","乙女","风","妖精","5","3","25","37100","25","282","37","229","早熟","早熟","150","115","移动回复 — Move Heal","每移动一步回复5% HP","小小治疗之风 — Tiny Cure Wind","回复1000点HP","","27","18","风球 — Wind Ball","对单体敌人造成1.0倍ATK的风属性攻击","1.0","风 风","风回复 — Wind Heal","回复10%的HP","","心 风","","","无","有","","159 53","114","任何","不限","Lv.1或以上"
"114","爱娜温 — Alraune","乙女","风","妖精","8","4","70","519958","221","808","206","544","早熟","早熟","450","150","移动回复 — Move Heal","每移动一步回复5% HP","治疗之风 — Cure Wind","回复2000点HP","","23","15","风之重击 — Wind Blow","对单体敌人造成1.6倍ATK的风属性攻击","1.6","风 风 风","风回复Ⅱ — Wind HealII","回复20%的HP","","心 心 风","","","无","有","进化","159 54","446","风","不限","Lv.10或以上"
"115","小基丽 — Tiny Valkyrie","乙女","光","妖精","5","3","25","37100","29","279","31","176","早熟","早熟","150","115","战斗回复 — Battle Heal","战斗时，每回合回复5% HP","小小天上之光 — Tiny Celes Light","对全体敌人造成1000点光属性攻击","","15","10","光球 — Light Ball","对单体敌人造成1.0倍ATK的光属性攻击","1.0","光 光","光回复 — Light Heal","回复10%的HP","","心 光","","","无","有","","160 55","116","任何","不限","Lv.1或以上"
"116","瓦尔基丽 — Valkyrie","乙女","光","妖精","8","4","70","519958","229","827","162","515","早熟","早熟","450","150","战斗回复 — Battle Heal","战斗时，每回合回复5% HP","天上之光 — Celes Light","对全体敌人造成3000点光属性攻击","","23","15","光之重击 — Light Blow","对单体敌人造成1.6倍ATK的光属性攻击","1.6","光 光 光","光回复Ⅱ — Light HealII","回复20%的HP","","心 心 光","","","无","有","进化","160 56","447","光","不限","Lv.10或以上"
"117","小魅魔 — Tiny Succubus","乙女","闇","妖精","5","3","25","37100","30","291","47","265","早熟","早熟","150","115","妖精提升：生命 — Spiri-Rise: Life","所有妖精种族Unit的HP提升至1.5倍","小小吸血之心 — Tiny Drain Heart","对单体敌人造成0.5倍ATK的无属性攻击，并回复相应的HP","0.5","12","7","闇球 — Dark Ball","对单体敌人造成1.0倍ATK的闇属性攻击","1.0","闇 闇","闇回复 — Dark Heal","回复10%的HP","","心 闇","","","无","有","","161 57","118","任何","不限","Lv.1或以上"
"118","魅魔 — Succubus","乙女","闇","妖精","8","4","70","519958","237","848","245","532","早熟","早熟","450","150","妖精提升：生命Ⅱ — Spiri-Rise: LifeII","所有妖精种族Unit的HP提升至2.0倍","吸血之心 — Drain Heart","对单体敌人造成1倍ATK的无属性攻击，并回复相应的HP","1","15","10","闇之重击 — Dark Blow","对单体敌人造成1.6倍ATK的闇属性攻击","1.6","闇 闇 闇","闇回复Ⅱ — Dark HealII","回复20%的HP","","心 心 闇","","","无","有","进化","161 58","448","闇","不限","Lv.10或以上"
"119","小幽灵 — Tiny Ghost","乙女","无","妖精","5","3","25","37100","27","286","36","230","早熟","早熟","150","115","妖精提升：生命 — Spiri-Rise: Life","所有妖精种族Unit的HP提升至1.5倍","小小的幽灵之手 — Tiny Ghost Hand","使全体敌人行动推迟2回合","","30","20","无球 — None Ball","对单体敌人造成1.0倍ATK的无属性攻击","1.0","无 无","无回复 — None Heal","回复10%的HP","","心 无","","","无","有","","162 59","120","任何","不限","Lv.1或以上"
"120","幽灵 — Ghost","乙女","无","妖精","8","4","70","519958","234","836","206","544","早熟","早熟","450","150","妖精提升：生命Ⅱ — Spiri-Rise: LifeII","所有妖精种族Unit的HP提升至2.0倍","幽灵之手 — Ghost Hand","使全体敌人行动推迟3回合","","30","20","无之重击 — None Blow","对单体敌人造成1.6倍ATK的无属性攻击","1.6","无 无 无","无回复Ⅱ — None HealII","回复20%的HP","","心 心 无","","","无","有","进化","162 60","449","无","不限","Lv.10或以上"
"121","小狐 — Little Fox","转色兽","火","兽","3","3","15","9643","49","340","55","185","早熟","早熟","125","120","","","水转换‧火 — Aqualess: Fire","将手牌所有的水方块变成火方块（","","17","9","火球 — Fire Ball","对单体敌人造成1.0倍ATK的火属性攻击","1.0","火 火","","","","","陷阱回避：环境Ⅱ — Trap Cancel: SceneII","回避Lv2或以下的环境变化系陷阱","无","无","","163 50","122","任何","不限","Lv.1或以上"
"122","九尾狐 — Nine-Tailed Fox","转色兽","火","兽","6","4","50","220972","269","841","165","453","早熟","早熟","335","150","防御：火 — Guard: Fire","减低来自火属性的伤害25%","水转换‧火 — Aqualess: Fire","将手牌所有的水方块变成火方块（","","17","9","火之重击 — Fire Blow","对单体敌人造成1.6倍ATK的火属性攻击","1.6","火 火 火","","","","","陷阱回避：环境Ⅲ — Trap Cancel: SceneIII","回避Lv3或以下的环境变化系陷阱","无","有","进化","","0","不限","不限","0"
"123","小狼 — Little Wolf","转色兽","水","兽","3","3","15","9643","51","364","46","166","早熟","早熟","125","120","","","风转换‧水 — Windless: Aqua","将手牌所有的风方块变成水方块（","","17","9","水球 — Aqua Ball","对单体敌人造成1.0倍ATK的水属性攻击","1.0","水 水","","","","","陷阱回避：伤害Ⅱ — Trap Cancel: DamageII","回避Lv2或以下的伤害系陷阱","无","无","","164 52","124","任何","不限","Lv.1或以上"
"124","哈提 — Hati","转色兽","水","兽","6","4","50","220972","294","890","155","405","早熟","早熟","335","150","防御：水 — Guard: Aqua","减低来自水属性的伤害25%","风转换‧水 — Windless: Aqua","将手牌所有的风方块变成水方块（","","17","9","水之重击 — Aqua Blow","对单体敌人造成1.6倍ATK的水属性攻击","1.6","水 水 水","","","","","陷阱回避：伤害Ⅲ — Trap Cancel: DamageIII","回避Lv3或以下的伤害系陷阱","无","有","进化","","0","不限","不限","0"
"125","小猪 — Little Pig","转色兽","风","兽","3","3","15","9643","56","351","57","180","早熟","早熟","125","120","","","火转换‧风 — Fireless: Wind","将手牌所有的火方块变成风方块（","","17","9","风球 — Wind Ball","对单体敌人造成1.0倍ATK的风属性攻击","1.0","风 风","","","","","陷阱回避：移动Ⅱ — Trap Cancel: MoveII","回避Lv2或以下的移动系陷阱","无","无","","165 54","126","任何","不限","Lv.1或以上"
"126","比蒙 — Behemoth","转色兽","风","兽","6","4","50","220972","284","871","160","416","早熟","早熟","335","150","防御：风 — Guard: Wind","减低来自风属性的伤害25%","火转换‧风 — Fireless: Wind","将手牌所有的火方块变成风方块（","","17","9","风之重击 — Wind Blow","对单体敌人造成1.6倍ATK的风属性攻击","1.6","风 风 风","","","","","陷阱回避：移动Ⅲ — Trap Cancel: MoveIII","回避Lv3或以下的移动系陷阱","无","有","进化","","0","不限","不限","0"
"127","小犬 — Little Dog","转色兽","光","兽","3","3","15","9643","52","354","47","172","早熟","早熟","125","120","","","闇转换‧光 — Darkless: Light","将手牌所有的闇方块变成光方块（","","17","9","光球 — Light Ball","对单体敌人造成1.0倍ATK的光属性攻击","1.0","光 光","","","","","陷阱回避：状态Ⅱ — Trap Cancel: StateII","回避Lv2或以下的状态异常系陷阱","无","无","","166 56","128","任何","不限","Lv.1或以上"
"128","可鲁贝洛斯 — Cerberus","转色兽","光","兽","6","4","50","220972","282","821","154","416","早熟","早熟","335","150","防御：光 — Guard: Light","减低来自光属性的伤害25%","闇转换‧光 — Darkless: Light","将手牌所有的闇方块变成光方块（","","17","9","光之重击 — Light Blow","对单体敌人造成1.6倍ATK的光属性攻击","1.6","光 光 光","","","","","陷阱回避：状态Ⅲ — Trap Cancel: StateIII","回避Lv3或以下的状态异常系陷阱","无","有","进化","","0","不限","不限","0"
"129","小鸦 — Little Crow","转色兽","闇","兽","3","3","15","9643","48","345","49","175","早熟","早熟","125","120","","","光转换‧闇 — Lightless: Dark","将手牌所有的光方块变成闇方块（","","17","9","闇球 — Dark Ball","对单体敌人造成1.0倍ATK的闇属性攻击","1.0","闇 闇","","","","","陷阱回避：环境Ⅱ — Trap Cancel: SceneII","回避Lv2或以下的环境变化系陷阱","无","无","","167 58","130","任何","不限","Lv.1或以上"
"130","八咫乌 — Yatagarasu","转色兽","闇","兽","6","4","50","220972","280","879","157","428","早熟","早熟","335","150","防御：闇 — Guard: Dark","减低来自闇属性的伤害25%","光转换‧闇 — Lightless: Dark","将手牌所有的光方块变成闇方块（","","17","9","闇之重击 — Dark Blow","对单体敌人造成1.6倍ATK的闇属性攻击","1.6","闇 闇 闇","","","","","陷阱回避：环境Ⅲ — Trap Cancel: SceneIII","回避Lv3或以下的环境变化系陷阱","无","有","进化","","0","不限","不限","0"
"131","小蛇","转色兽","无","兽","3","3","15","9643","49","352","51","177","早熟","早熟","125","120","","","毒牙 — Poison Fang","使全体敌人在3回合内中毒（1倍ATK）","1","23","15","无球 — None Ball","对单体敌人造成1.0倍ATK的无属性攻击","1.0","无 无","","","","","陷阱回避：伤害Ⅱ — Trap Cancel: DamageII","回避Lv2或以下的伤害系陷阱","无","无","","168 60","132","任何","不限","Lv.1或以上"
"132","巴西利斯克 — Basilisk","转色兽","无","兽","6","4","50","220972","281","859","159","421","早熟","早熟","335","150","防御：无 — Guard: None","减低来自无属性的伤害25%","毒牙 — Poison Fang","使全体敌人在3回合内中毒（1倍ATK）","1","23","15","无之重击 — None Blow","对单体敌人造成1.6倍ATK的无属性攻击","1.6","无 无 无","","","","","陷阱回避：伤害Ⅲ — Trap Cancel: DamageIII","回避Lv3或以下的伤害系陷阱","无","有","进化","","0","不限","不限","0"
"133","火蝾螈 — Salamander","机械龙","火","机械","12","5","35","132934","119","1001","110","478","晚成","晚成","275","230","连锁攻击：火 — Chain: Fire","每回合额外对敌人造成1.5倍ATK的火属性追击<span class="chara-atk-dep" data-atk-factor="1.5"></span>","伏尔坎 — Vulcan","对全体敌人造成5倍ATK的火属性攻击","5","35","30","火之重击 — Fire Blow","对单体敌人造成1.6倍ATK的火属性攻击","1.6","火 火 火","火之冲刺 — Fire Rush","对全体敌人造成1.6倍ATK的火属性攻击","1.6","火 火 火 火 火","","","无","有","","181 169 62","134","火","机械","Lv.35或以上"
"134","火蝾螈：爆发 — Salamander: Burst","机械龙","火","机械","18","6","99","5000000","800","2329","428","1564","晚成","晚成","630","420","连锁攻击：火Ⅱ — Chain: FireII","每回合额外对敌人造成2.0倍ATK的火属性追击<span class="chara-atk-dep" data-atk-factor="2.0"></span>","伏尔坎：爆发 — Vulcan: Burst","对全体敌人造成10倍ATK的火属性攻击","10","40","25","火之重击 — Fire Blow","对单体敌人造成1.6倍ATK的火属性攻击","1.6","火 火 火","火之波动 — Fire Wave","对全体敌人造成1.8倍ATK的火属性攻击","1.8","火 火 火 火 火","","","无","无","进化","","0","不限","不限","0"
"135","利维坦 — Leviathan","机械龙","水","机械","12","5","35","132934","126","1082","108","471","晚成","晚成","275","230","连锁攻击：水 — Chain: Aqua","每回合额外对敌人造成1.5倍ATK的水属性追击<span class="chara-atk-dep" data-atk-factor="1.5"></span>","梅尔维尔 — Melvillei","对全体敌人造成5倍ATK的水属性攻击","5","35","30","水之重击 — Aqua Blow","对单体敌人造成1.6倍ATK的水属性攻击","1.6","水 水 水","水之冲刺 — Aqua Rush","对全体敌人造成1.6倍ATK的水属性攻击","1.6","水 水 水 水 水","","","无","有","","182 170 64","136","水","机械","Lv.35或以上"
"136","利维坦：爆发 — Leviathan: Burst","机械龙","水","机械","18","6","99","5000000","863","2417","417","1562","晚成","晚成","630","420","连锁攻击：水Ⅱ — Chain: AquaII","每回合额外对敌人造成2.0倍ATK的水属性追击<span class="chara-atk-dep" data-atk-factor="2.0"></span>","梅尔维尔：爆发 — Melvillei: Burst","对全体敌人造成10倍ATK的水属性攻击","10","40","25","水之重击 — Aqua Blow","对单体敌人造成1.6倍ATK的水属性攻击","1.6","水 水 水","水之波动 — Aqua Wave","对全体敌人造成1.8倍ATK的水属性攻击","1.8","水 水 水 水 水","","","无","无","进化","","0","不限","不限","0"
"137","耶梦加得 — Jörmungandr","机械龙","风","机械","12","5","35","132934","116","977","120","509","晚成","晚成","275","230","连锁攻击：风 — Chain: Wind","每回合额外对敌人造成1.5倍ATK的风属性追击<span class="chara-atk-dep" data-atk-factor="1.5"></span>","米德加尔特 — Midgard","对全体敌人造成5倍ATK的风属性攻击","5","35","30","风之重击 — Wind Blow","对单体敌人造成1.6倍ATK的风属性攻击","1.6","风 风 风","风之冲刺 — Wind Rush","对全体敌人造成1.6倍ATK的风属性攻击","1.6","风 风 风 风 风","","","无","有","","183 171 66","138","风","机械","Lv.35或以上"
"138","耶梦加得：爆发 — Jörmungandr: Burst","机械龙","风","机械","18","6","99","5000000","784","2365","458","1571","晚成","晚成","630","420","连锁攻击：风Ⅱ — Chain: WindII","每回合额外对敌人造成2.0倍ATK的风属性追击<span class="chara-atk-dep" data-atk-factor="2.0"></span>","米德加尔特：爆发 — Midgard: Burst","对全体敌人造成10倍ATK的风属性攻击","10","40","25","风之重击 — Wind Blow","对单体敌人造成1.6倍ATK的风属性攻击","1.6","风 风 风","风之波动 — Wind Wave","对全体敌人造成1.8倍ATK的风属性攻击","1.8","风 风 风 风 风","","","无","无","进化","","0","不限","不限","0"
"139","法夫纳 — Fafnir","机械龙","光","机械","12","5","35","132934","111","950","114","476","晚成","晚成","275","230","连锁攻击：光 — Chain: Light","每回合额外对敌人造成1.5倍ATK的光属性追击<span class="chara-atk-dep" data-atk-factor="1.5"></span>","巴尔蒙克 — Balmung","对全体敌人造成5倍ATK的光属性攻击","5","35","30","光之重击 — Light Blow","对单体敌人造成1.6倍ATK的光属性攻击","1.6","光 光 光","光之冲刺 — Light Rush","对全体敌人造成1.6倍ATK的光属性攻击","1.6","光 光 光 光 光","","","无","有","","184 172 68","140","光","机械","Lv.35或以上"
"140","法夫纳：爆发 — Fafnir: Burst","机械龙","光","机械","18","6","99","5000000","758","2285","431","1523","晚成","晚成","630","420","连锁攻击：光Ⅱ — Chain: LightII","每回合额外对敌人造成2.0倍ATK的光属性追击<span class="chara-atk-dep" data-atk-factor="2.0"></span>","巴尔蒙克：爆发 — Balmung: Burst","对全体敌人造成10倍ATK的光属性攻击","10","40","25","光之重击 — Light Blow","对单体敌人造成1.6倍ATK的光属性攻击","1.6","光 光 光","光之波动 — Light Wave","对全体敌人造成1.8倍ATK的光属性攻击","1.8","光 光 光 光 光","","","无","无","进化","","0","不限","不限","0"
"141","尼德霍格 — Níðhöggr","机械龙","闇","机械","12","5","35","132934","117","1022","124","511","晚成","晚成","275","230","连锁攻击：闇 — Chain: Dark","每回合额外对敌人造成1.5倍ATK的闇属性追击<span class="chara-atk-dep" data-atk-factor="1.5"></span>","拉塔托斯克 — Ratatoskr","对全体敌人造成5倍ATK的闇属性攻击","5","35","30","闇之重击 — Dark Blow","对单体敌人造成1.6倍ATK的闇属性攻击","1.6","闇 闇 闇","闇之冲刺 — Dark Rush","对全体敌人造成1.6倍ATK的闇属性攻击","1.6","闇 闇 闇 闇 闇","","","无","有","","185 173 70","142","闇","机械","Lv.35或以上"
"142","尼德霍格：爆发 — Níðhöggr: Burst","机械龙","闇","机械","18","6","99","5000000","813","2320","460","1562","晚成","晚成","630","420","连锁攻击：闇Ⅱ — Chain: DarkII","每回合额外对敌人造成2.0倍ATK的闇属性追击<span class="chara-atk-dep" data-atk-factor="2.0"></span>","拉塔托斯克：爆发 — Ratatoskr: Burst","对全体敌人造成10倍ATK的闇属性攻击","10","40","25","闇之重击 — Dark Blow","对单体敌人造成1.6倍ATK的闇属性攻击","1.6","闇 闇 闇","闇之波动 — Dark Wave","对全体敌人造成1.8倍ATK的闇属性攻击","1.8","闇 闇 闇 闇 闇","","","无","无","进化","","0","不限","不限","0"
"143","咬尾蛇 — Ouroboros","机械龙","无","机械","12","5","35","132934","123","1006","118","491","晚成","晚成","275","230","连锁攻击：无 — Chain: None","每回合额外对敌人造成1.5倍ATK的无属性追击<span class="chara-atk-dep" data-atk-factor="1.5"></span>","虚空 — Vanity","对全体敌人造成5倍ATK的无属性攻击","5","35","30","无之重击 — None Blow","对单体敌人造成1.6倍ATK的无属性攻击","1.6","无 无 无","无之冲刺 — None Rush","对全体敌人造成1.6倍ATK的无属性攻击","1.6","无 无 无 无 无","","","无","有","","186 174 72","144","无","机械","Lv.35或以上"
"144","咬尾蛇：爆发 — Ouroboros: Burst","机械龙","无","机械","18","6","99","5000000","811","2643","439","1483","晚成","晚成","630","420","连锁攻击：无Ⅱ — Chain: NoneII","每回合额外对敌人造成2.0倍ATK的无属性追击<span class="chara-atk-dep" data-atk-factor="2.0"></span>","虚空：爆发 — Vanity: Burst","对全体敌人造成10倍ATK的无属性攻击","10","40","25","无之重击 — None Blow","对单体敌人造成1.6倍ATK的无属性攻击","1.6","无 无 无","无之波动 — None Wave","对全体敌人造成1.8倍ATK的无属性攻击","1.8","无 无 无 无 无","","","无","无","进化","","0","不限","不限","0"
"145","伊夫利特 — Ifrit","妖精王","火","妖精","15","5","50","883884","328","1579","254","902","晚成","晚成","500","250","火属性提升：全部 — Fire Rise: Shift","所有火属性Unit的HP和ATK提升至1.5倍","天之闪燃 — Celes Flare","对单体敌人造成15倍ATK的火属性攻击","15","45","40","火：起源 — Fire: Origin","对单体敌人造成1.0倍ATK的火属性攻击","1.0","火 火","全火：起源 — Full Fire: Origin","对全体敌人造成1.0倍ATK的火属性攻击","1.0","火 火 火 火 火","","","无","有","","175 62 50","146","火","魔物","Lv.35或以上"
"146","炎精王伊夫利特 — Ifrit, the Fire Fairy Queen","妖精王","火","妖精","20","6","99","5000000","1267","2871","812","1460","晚成","晚成","975","430","火属性提升：全部Ⅱ — Fire Rise: ShiftII","所有火属性Unit的HP和ATK提升至2.0倍","天之熔岩 — Celes Lava","对单体敌人造成25倍ATK的火属性攻击","25","45","30","フィアラア：オリジン","对单体敌人造成1.6倍ATK的火属性攻击","1.6","火 火","フルフィアラア：オリジン","对全体敌人造成1.6倍ATK的火属性攻击","1.6","火 火 火 火 火","","","无","无","进化","","0","不限","不限","0"
"147","温蒂妮 — Undine","妖精王","水","妖精","15","5","50","883884","331","1601","246","902","晚成","晚成","500","250","水属性提升：全部 — Aqua Rise: Shift","所有水属性Unit的HP和ATK提升至1.5倍","天之寒冷 — Celes Cold","回复30%的HP","","30","25","水：起源 — Aqua: Origin","对单体敌人造成1.0倍ATK的水属性攻击","1.0","水 水","水回复：起源 — Aqua Heal: Origin","回复15%的HP","","心 水","","","无","有","","176 64 52","148","水","魔物","Lv.35或以上"
"148","水精王温蒂妮 — Undine, the Aqua Fairy Queen","妖精王","水","妖精","20","6","99","5000000","1283","2909","811","1499","晚成","晚成","975","430","水属性提升：全部Ⅱ — Aqua Rise: ShiftII","所有水属性Unit的HP和ATK提升至2.0倍","天之冻结 — Celes Freeze","回复60%的HP","","30","12","アクアラア：オリジン","对单体敌人造成1.6倍ATK的水属性攻击","1.6","水 水","水回复：起源Ⅱ — Aqua Heal: OriginII","回复25%的HP","","心 心 水","","","无","无","进化","","0","不限","不限","0"
"149","西尔芙 — Sylph","妖精王","风","妖精","15","5","50","883884","312","1395","223","753","晚成","晚成","500","250","风属性提升：全部 — Wind Rise: Shift","所有风属性Unit的HP和ATK提升至1.5倍","天之微风 — Celes Breeze","对全体敌人造成5倍ATK的风属性攻击","5","45","40","风：起源 — Wind: Origin","对单体敌人造成1.0倍ATK的风属性攻击","1.0","风 风","ウィンドネス：オリジン","对单体敌人造成3.0倍ATK的风属性攻击","3.0","风 风 风 风 风","","","无","有","","183 66 54","150","风","龙","Lv.35或以上"
"150","风精王西尔芙 — Sylph, the Wind Fairy Queen","妖精王","风","妖精","20","6","99","5000000","1117","2182","679","1068","晚成","晚成","975","430","风属性提升：全部Ⅱ — Wind Rise: ShiftII","所有风属性Unit的HP和ATK提升至2.0倍","天之疾风 — Celes Blast","对全体敌人造成10倍ATK的风属性攻击","10","45","30","ウィンダラア：オリジン","对单体敌人造成1.6倍ATK的风属性攻击","1.6","风 风","ウィンダリオン：オリジン","对单体敌人造成4.5倍ATK的风属性攻击","4.5","风 风 风 风","","","无","无","进化","","0","不限","不限","0"
"151","鬼火 — Will-o'-the-wisp","妖精王","光","妖精","15","5","50","883884","311","1321","231","773","晚成","晚成","500","250","光属性提升：全部 — Light Rise: Shift","所有光属性Unit的HP和ATK提升至1.5倍","天之光子 — Celes Photon","回复30%的HP","","23","18","光：起源 — Light: Origin","对单体敌人造成1.0倍ATK的光属性攻击","1.0","光 光","光回复：起源Ⅱ — Light Heal: OriginII","回复25%的HP","","心 心 光","","","无","有","","184 68 56","152","光","龙","Lv.35或以上"
"152","光精王鬼火 — Will-o'-the-wisp, the Light Fairy Queen","妖精王","光","妖精","20","6","99","5000000","1056","3085","694","1187","晚成","晚成","975","430","光属性提升：全部Ⅱ — Light Rise: ShiftII","所有光属性Unit的HP和ATK提升至2.0倍","天之闪烁 — Celes Luminous","回复60%的HP","","30","12","ライトラア：オリジン","对单体敌人造成1.6倍ATK的光属性攻击","1.6","光 光","光回复：起源Ⅲ — Light Heal: OriginIII","回复35%的HP","","心 心 光","","","无","无","进化","","0","不限","不限","0"
"153","阴影 — Shadow","妖精王","闇","妖精","15","5","50","883884","324","1432","289","869","晚成","晚成","500","250","闇属性提升：全部 — Dark Rise: Shift","所有闇属性Unit的HP和ATK提升至1.5倍","天之邪恶 — Celes Evil","对单体敌人造成3倍ATK的闇属性攻击，并回复相应的HP","3","35","30","闇：起源 — Dark: Origin","对单体敌人造成1.0倍ATK的闇属性攻击","1.0","闇 闇","全闇：起源 — Full Dark: Origin","对全体敌人造成1倍ATK的闇属性攻击","1","闇 闇 闇 闇 闇","","","无","有","","161 70 58","154","闇","妖精","Lv.35或以上"
"154","闇精王阴影 — Shadow, the Dark Fairy Queen","妖精王","闇","妖精","20","6","99","5000000","1149","2676","782","1599","晚成","晚成","975","430","闇属性提升：全部Ⅱ — Dark Rise: ShiftII","所有闇属性Unit的HP和ATK提升至2.0倍","天之恶魔 — Celes Demon","对单体敌人造成5倍ATK的闇属性攻击，并回复相应的HP","5","35","20","ダークラア：オリジン","对单体敌人造成1.6倍ATK的闇属性攻击","1.6","闇 闇 闇","フルダークラア：オリジン","对全体敌人造成1.6倍ATK的闇属性攻击","1.6","闇 闇 闇 闇","","","无","无","进化","","0","不限","不限","0"
"155","零 — Zero","妖精王","无","妖精","15","5","50","883884","322","1469","247","837","晚成","晚成","500","250","无属性提升：全部 — None Rise: Shift","所有无属性Unit的HP和ATK提升至1.5倍","天上之无 — Celes None","使全体敌人在3回合内防御力降低50%","","25","20","无：起源 — None: Origin","对单体敌人造成1.0倍ATK的无属性攻击","1.0","无 无","全无：起源 — Full None: Origin","对全体敌人造成1.0倍ATK的无属性攻击","1.0","无 无 无 无 无","","","无","有","","162 72 60","156","无","妖精","Lv.35或以上"
"156","无精王零 — Zero, the None Fairy Queen","妖精王","无","妖精","20","6","99","5000000","1169","2915","757","1461","晚成","晚成","975","430","无属性提升：全部Ⅱ — None Rise: ShiftII","所有无属性Unit的HP和ATK提升至2.0倍","天之空虚 — Celes Hollow","使全体敌人在3回合内防御力降低75%","","35","20","ノーンラア：オリジン","对单体敌人造成1.6倍ATK的无属性攻击","1.6","无 无","フルノーンラア：オリジン","对全体敌人造成1.6倍ATK的无属性攻击","1.6","无 无 无 无 无","","","无","无","进化","","0","不限","不限","0"
"157","火之蛙 — Fire Geko","进化素材","火","妖精","2","3","10","3195","46","183","26","63","平均","平均","20","20","妖精提升：攻击 — Spiri-Rise: Assault","所有妖精种族Unit的ATK提升至1.5倍","","","","","","火球 — Fire Ball","对单体敌人造成1.0倍ATK的火属性攻击","1.0","火 火","火之重击 — Fire Blow","对单体敌人造成1.6倍ATK的火属性攻击","1.6","火 火 火","","","无","无","","","0","不限","不限","0"
"158","水之蛙 — Aqua Geko","进化素材","水","妖精","2","3","10","3195","41","186","28","62","平均","平均","20","20","妖精提升：攻击 — Spiri-Rise: Assault","所有妖精种族Unit的ATK提升至1.5倍","","","","","","水球 — Aqua Ball","对单体敌人造成1.0倍ATK的水属性攻击","1.0","水 水","水之重击 — Aqua Blow","对单体敌人造成1.6倍ATK的水属性攻击","1.6","水 水 水","","","无","无","","","0","不限","不限","0"
"159","风之蛙 — Wind Geko","进化素材","风","妖精","2","3","10","3195","37","190","31","62","平均","平均","20","20","妖精提升：攻击 — Spiri-Rise: Assault","所有妖精种族Unit的ATK提升至1.5倍","","","","","","风球 — Wind Ball","对单体敌人造成1.0倍ATK的风属性攻击","1.0","风 风","风之重击 — Wind Blow","对单体敌人造成1.6倍ATK的风属性攻击","1.6","风 风 风","","","无","无","","","0","不限","不限","0"
"160","光之蛙 — Light Geko","进化素材","光","妖精","2","3","10","3195","42","185","34","66","平均","平均","20","20","妖精提升：攻击 — Spiri-Rise: Assault","所有妖精种族Unit的ATK提升至1.5倍","","","","","","光球 — Light Ball","对单体敌人造成1.0倍ATK的光属性攻击","1.0","光 光","光之重击 — Light Blow","对单体敌人造成1.6倍ATK的光属性攻击","1.6","光 光 光","","","无","无","","","0","不限","不限","0"
"161","闇之蛙 — Dark Geko","进化素材","闇","妖精","2","3","10","3195","43","190","29","70","平均","平均","20","20","妖精提升：攻击 — Spiri-Rise: Assault","所有妖精种族Unit的ATK提升至1.5倍","","","","","","闇球 — Dark Ball","对单体敌人造成1.0倍ATK的闇属性攻击","1.0","闇 闇","闇之重击 — Dark Blow","对单体敌人造成1.6倍ATK的闇属性攻击","1.6","闇 闇 闇","","","无","无","","","0","不限","不限","0"
"162","无之蛙 — None Geko","进化素材","无","妖精","2","3","10","3195","45","187","27","66","平均","平均","20","20","妖精提升：攻击 — Spiri-Rise: Assault","所有妖精种族Unit的ATK提升至1.5倍","","","","","","无球 — None Ball","对单体敌人造成1.0倍ATK的无属性攻击","1.0","无 无","无之重击 — None Blow","对单体敌人造成1.6倍ATK的无属性攻击","1.6","无 无 无","","","无","无","","","0","不限","不限","0"
"163","火之毛球 — Fire Moffle","进化素材","火","兽","2","3","10","3195","43","186","30","61","平均","平均","20","20","兽族提升：攻击 — Beast Rise: Assault","所有兽种族Unit的ATK提升至1.5倍","","","","","","火球 — Fire Ball","对单体敌人造成1.0倍ATK的火属性攻击","1.0","火 火","火之重击 — Fire Blow","对单体敌人造成1.6倍ATK的火属性攻击","1.6","火 火 火","","","无","无","","","0","不限","不限","0"
"164","水之毛球 — Aqua Moffle","进化素材","水","兽","2","3","10","3195","37","181","34","68","平均","平均","20","20","兽族提升：攻击 — Beast Rise: Assault","所有兽种族Unit的ATK提升至1.5倍","","","","","","水球 — Aqua Ball","对单体敌人造成1.0倍ATK的水属性攻击","1.0","水 水","水之重击 — Aqua Blow","对单体敌人造成1.6倍ATK的水属性攻击","1.6","水 水 水","","","无","无","","","0","不限","不限","0"
"165","风之毛球 — Wind Moffle","进化素材","风","兽","2","3","10","3195","40","183","32","61","平均","平均","20","20","兽族提升：攻击 — Beast Rise: Assault","所有兽种族Unit的ATK提升至1.5倍","","","","","","风球 — Wind Ball","对单体敌人造成1.0倍ATK的风属性攻击","1.0","风 风","风之重击 — Wind Blow","对单体敌人造成1.6倍ATK的风属性攻击","1.6","风 风 风","","","无","无","","","0","不限","不限","0"
"166","光之毛球 — Light Moffle","进化素材","光","兽","2","3","10","3195","43","181","29","67","平均","平均","20","20","兽族提升：攻击 — Beast Rise: Assault","所有兽种族Unit的ATK提升至1.5倍","","","","","","光球 — Light Ball","对单体敌人造成1.0倍ATK的光属性攻击","1.0","光 光","光之重击 — Light Blow","对单体敌人造成1.6倍ATK的光属性攻击","1.6","光 光 光","","","无","无","","","0","不限","不限","0"
"167","闇之毛球 — Dark Moffle","进化素材","闇","兽","2","3","10","3195","41","189","28","61","平均","平均","20","20","兽族提升：攻击 — Beast Rise: Assault","所有兽种族Unit的ATK提升至1.5倍","","","","","","闇球 — Dark Ball","对单体敌人造成1.0倍ATK的闇属性攻击","1.0","闇 闇","闇之重击 — Dark Blow","对单体敌人造成1.6倍ATK的闇属性攻击","1.6","闇 闇 闇","","","无","无","","","0","不限","不限","0"
"168","无之毛球 — None Moffle","进化素材","无","兽","2","3","10","3195","45","182","28","68","平均","平均","20","20","兽族提升：攻击 — Beast Rise: Assault","所有兽种族Unit的ATK提升至1.5倍","","","","","","无球 — None Ball","对单体敌人造成1.0倍ATK的无属性攻击","1.0","无 无","无之重击 — None Blow","对单体敌人造成1.6倍ATK的无属性攻击","1.6","无 无 无","","","无","无","","","0","不限","不限","0"
"169","Fire Robotan","进化素材","火","机械","2","3","10","3195","43","184","26","66","平均","平均","20","20","火属性提升：生命 — Fire Rise: Life","所有火属性Unit的HP提升至1.5倍","","","","","","火球 — Fire Ball","对单体敌人造成1.0倍ATK的火属性攻击","1.0","火 火","火之重击 — Fire Blow","对单体敌人造成1.6倍ATK的火属性攻击","1.6","火 火 火","","","无","无","","","0","不限","不限","0"
"170","Aqua Robotan","进化素材","水","机械","2","3","10","3195","44","189","33","61","平均","平均","20","20","水属性提升：生命 — Aqua Rise: Life","所有水属性Unit的HP提升至1.5倍","","","","","","水球 — Aqua Ball","对单体敌人造成1.0倍ATK的水属性攻击","1.0","水 水","水之重击 — Aqua Blow","对单体敌人造成1.6倍ATK的水属性攻击","1.6","水 水 水","","","无","无","","","0","不限","不限","0"
"171","Wind Robotan","进化素材","风","机械","2","3","10","3195","40","181","30","69","平均","平均","20","20","风属性提升：生命 — Wind Rise: Life","所有风属性Unit的HP提升至1.5倍","","","","","","风球 — Wind Ball","对单体敌人造成1.0倍ATK的风属性攻击","1.0","风 风","风之重击 — Wind Blow","对单体敌人造成1.6倍ATK的风属性攻击","1.6","风 风 风","","","无","无","","","0","不限","不限","0"
"172","Light Robotan","进化素材","光","机械","2","3","10","3195","37","188","34","70","平均","平均","20","20","光属性提升：生命 — Light Rise: Life","所有光属性Unit的HP提升至1.5倍","","","","","","光球 — Light Ball","对单体敌人造成1.0倍ATK的光属性攻击","1.0","光 光","光之重击 — Light Blow","对单体敌人造成1.6倍ATK的光属性攻击","1.6","光 光 光","","","无","无","","","0","不限","不限","0"
"173","Dark Robotan","进化素材","闇","机械","2","3","10","3195","44","181","26","63","平均","平均","20","20","闇属性提升：生命 — Dark Rise: Life","所有闇属性Unit的HP提升至1.5倍","","","","","","闇球 — Dark Ball","对单体敌人造成1.0倍ATK的闇属性攻击","1.0","闇 闇","闇之重击 — Dark Blow","对单体敌人造成1.6倍ATK的闇属性攻击","1.6","闇 闇 闇","","","无","无","","","0","不限","不限","0"
"174","None Robotan","进化素材","无","机械","2","3","10","3195","37","186","31","62","平均","平均","20","20","无属性提升：生命 — None Rise: Life","所有无属性Unit的HP提升至1.5倍","","","","","","无球 — None Ball","对单体敌人造成1.0倍ATK的无属性攻击","1.0","无 无","无之重击 — None Blow","对单体敌人造成1.6倍ATK的无属性攻击","1.6","无 无 无","","","无","无","","","0","不限","不限","0"
"175","火之晴天娃娃 — Fire Teru-teru","进化素材","火","魔物","2","3","10","3195","43","190","30","66","平均","平均","20","20","防御：火 — Guard: Fire","减低来自火属性的伤害25%","","","","","","火球 — Fire Ball","对单体敌人造成1.0倍ATK的火属性攻击","1.0","火 火","火之重击 — Fire Blow","对单体敌人造成1.6倍ATK的火属性攻击","1.6","火 火 火","","","无","无","","","0","不限","不限","0"
"176","水之晴天娃娃 — Aqua Teru-teru","进化素材","水","魔物","2","3","10","3195","44","181","34","69","平均","平均","20","20","防御：水 — Guard: Aqua","减低来自水属性的伤害25%","","","","","","水球 — Aqua Ball","对单体敌人造成1.0倍ATK的水属性攻击","1.0","水 水","水之重击 — Aqua Blow","对单体敌人造成1.6倍ATK的水属性攻击","1.6","水 水 水","","","无","无","","","0","不限","不限","0"
"177","风之晴天娃娃 — Wind Teru-teru","进化素材","风","魔物","2","3","10","3195","45","190","29","66","平均","平均","20","20","防御：风 — Guard: Wind","减低来自风属性的伤害25%","","","","","","风球 — Wind Ball","对单体敌人造成1.0倍ATK的风属性攻击","1.0","风 风","风之重击 — Wind Blow","对单体敌人造成1.6倍ATK的风属性攻击","1.6","风 风 风","","","无","无","","","0","不限","不限","0"
"178","光之晴天娃娃 — Light Teru-teru","进化素材","光","魔物","2","3","10","3195","37","189","30","65","平均","平均","20","20","防御：光 — Guard: Light","减低来自光属性的伤害25%","","","","","","光球 — Light Ball","对单体敌人造成1.0倍ATK的光属性攻击","1.0","光 光","光之重击 — Light Blow","对单体敌人造成1.6倍ATK的光属性攻击","1.6","光 光 光","","","无","无","","","0","不限","不限","0"
"179","闇之晴天娃娃 — Dark Teru-teru","进化素材","闇","魔物","2","3","10","3195","44","188","25","67","平均","平均","20","20","防御：闇 — Guard: Dark","减低来自闇属性的伤害25%","","","","","","闇球 — Dark Ball","对单体敌人造成1.0倍ATK的闇属性攻击","1.0","闇 闇","闇之重击 — Dark Blow","对单体敌人造成1.6倍ATK的闇属性攻击","1.6","闇 闇 闇","","","无","无","","","0","不限","不限","0"
"180","无之晴天娃娃 — None Teru-teru","进化素材","无","魔物","2","3","10","3195","43","186","33","62","平均","平均","20","20","防御：无 — Guard: None","减低来自无属性的伤害25%","","","","","","无球 — None Ball","对单体敌人造成1.0倍ATK的无属性攻击","1.0","无 无","无之重击 — None Blow","对单体敌人造成1.6倍ATK的无属性攻击","1.6","无 无 无","","","无","无","","","0","不限","不限","0"
"181","ヒノドラグルミ","进化素材","火","龙","2","3","10","3195","46","185","25","67","平均","平均","20","20","火属性提升：攻击 — Fire Rise: Assault","所有火属性Unit的ATK提升至1.5倍","","","","","","火球 — Fire Ball","对单体敌人造成1.0倍ATK的火属性攻击","1.0","火 火","火之重击 — Fire Blow","对单体敌人造成1.6倍ATK的火属性攻击","1.6","火 火 火","","","无","无","","","0","不限","不限","0"
"182","ミズドラグルミ","进化素材","水","龙","2","3","10","3195","45","188","28","66","平均","平均","20","20","水属性提升：攻击 — Aqua Rise: Assault","所有水属性Unit的ATK提升至1.5倍","","","","","","水球 — Aqua Ball","对单体敌人造成1.0倍ATK的水属性攻击","1.0","水 水","水之重击 — Aqua Blow","对单体敌人造成1.6倍ATK的水属性攻击","1.6","水 水 水","","","无","无","","","0","不限","不限","0"
"183","カゼドラグルミ","进化素材","风","龙","2","3","10","3195","37","185","32","62","平均","平均","20","20","风属性提升：攻击 — Wind Rise: Assault","所有风属性Unit的ATK提升至1.5倍","","","","","","风球 — Wind Ball","对单体敌人造成1.0倍ATK的风属性攻击","1.0","风 风","风之重击 — Wind Blow","对单体敌人造成1.6倍ATK的风属性攻击","1.6","风 风 风","","","无","无","","","0","不限","不限","0"
"184","ピカドラグルミ","进化素材","光","龙","2","3","10","3195","41","185","32","61","平均","平均","20","20","光属性提升：攻击 — Light Rise: Assault","所有光属性Unit的ATK提升至1.5倍","","","","","","光球 — Light Ball","对单体敌人造成1.0倍ATK的光属性攻击","1.0","光 光","光之重击 — Light Blow","对单体敌人造成1.6倍ATK的光属性攻击","1.6","光 光 光","","","无","无","","","0","不限","不限","0"
"185","ヤミドラグルミ","进化素材","闇","龙","2","3","10","3195","42","183","27","66","平均","平均","20","20","闇属性提升：攻击 — Dark Rise: Assault","所有闇属性Unit的ATK提升至1.5倍","","","","","","闇球 — Dark Ball","对单体敌人造成1.0倍ATK的闇属性攻击","1.0","闇 闇","闇之重击 — Dark Blow","对单体敌人造成1.6倍ATK的闇属性攻击","1.6","闇 闇 闇","","","无","无","","","0","不限","不限","0"
"186","ムドラグルミ","进化素材","无","龙","2","3","10","3195","40","181","32","69","平均","平均","20","20","无属性提升：攻击 — None Rise: Assault","所有无属性Unit的ATK提升至1.5倍","","","","","","无球 — None Ball","对单体敌人造成1.0倍ATK的无属性攻击","1.0","无 无","无之重击 — None Blow","对单体敌人造成1.6倍ATK的无属性攻击","1.6","无 无 无","","","无","无","","","0","不限","不限","0"
"187","火蛋 — Flare Egg","蛋","火","强化合成用","1","3","1","1","105","105","25","25","平均","平均","2000","200","防御：风 — Guard: Wind","减低来自风属性的伤害25%","","","","","","火球 — Fire Ball","对单体敌人造成1.0倍ATK的火属性攻击","1.0","火 火","火之重击 — Fire Blow","对单体敌人造成1.6倍ATK的火属性攻击","1.6","火 火 火","","","无","无","","","0","不限","不限","0"
"188","大火蛋 — High Flare Egg","蛋","火","强化合成用","1","4","1","1","251","251","33","33","平均","平均","15000","1500","防御：风 — Guard: Wind","减低来自风属性的伤害25%","","","","","","火球 — Fire Ball","对单体敌人造成1.0倍ATK的火属性攻击","1.0","火 火","火之重击 — Fire Blow","对单体敌人造成1.6倍ATK的火属性攻击","1.6","火 火 火","","","无","无","","","0","不限","不限","0"
"189","火蛋王 — King Flare Egg","蛋","火","强化合成用","1","5","1","1","502","502","49","49","平均","平均","50000","5000","防御：风 — Guard: Wind","减低来自风属性的伤害25%","","","","","","火球 — Fire Ball","对单体敌人造成1.0倍ATK的火属性攻击","1.0","火 火","火之雷电 — Fire Volt","对单体敌人造成2.3倍ATK的火属性攻击","2.3","火 火 火 火","","","无","无","","","0","不限","不限","0"
"190","水蛋 — Aqua Egg","蛋","水","强化合成用","1","3","1","1","110","110","28","28","平均","平均","2000","200","防御：火 — Guard: Fire","减低来自火属性的伤害25%","","","","","","水球 — Aqua Ball","对单体敌人造成1.0倍ATK的水属性攻击","1.0","水 水","水之重击 — Aqua Blow","对单体敌人造成1.6倍ATK的水属性攻击","1.6","水 水 水","","","无","无","","","0","不限","不限","0"
"191","大水蛋 — High Aqua Egg","蛋","水","强化合成用","1","4","1","1","260","260","34","34","平均","平均","15000","1500","防御：火 — Guard: Fire","减低来自火属性的伤害25%","","","","","","水球 — Aqua Ball","对单体敌人造成1.0倍ATK的水属性攻击","1.0","水 水","水之重击 — Aqua Blow","对单体敌人造成1.6倍ATK的水属性攻击","1.6","水 水 水","","","无","无","","","0","不限","不限","0"
"192","水蛋王 — King Aqua Egg","蛋","水","强化合成用","1","5","1","1","510","510","50","50","平均","平均","50000","5000","防御：火 — Guard: Fire","减低来自火属性的伤害25%","","","","","","水球 — Aqua Ball","对单体敌人造成1.0倍ATK的水属性攻击","1.0","水 水","水之雷电 — Aqua Volt","对单体敌人造成2.3倍ATK的水属性攻击","2.3","水 水 水 水","","","无","无","","","0","不限","不限","0"
"193","风蛋 — Wind Egg","蛋","风","强化合成用","1","3","1","1","109","109","22","22","平均","平均","2000","200","防御：水 — Guard: Aqua","减低来自水属性的伤害25%","","","","","","风球 — Wind Ball","对单体敌人造成1.0倍ATK的风属性攻击","1.0","风 风","风之重击 — Wind Blow","对单体敌人造成1.6倍ATK的风属性攻击","1.6","风 风 风","","","无","无","","","0","不限","不限","0"
"194","大风蛋 — High Wind Egg","蛋","风","强化合成用","1","4","1","1","253","253","38","38","平均","平均","15000","1500","防御：水 — Guard: Aqua","减低来自水属性的伤害25%","","","","","","风球 — Wind Ball","对单体敌人造成1.0倍ATK的风属性攻击","1.0","风 风","风之重击 — Wind Blow","对单体敌人造成1.6倍ATK的风属性攻击","1.6","风 风 风","","","无","无","","","0","不限","不限","0"
"195","风蛋王 — King Wind Egg","蛋","风","强化合成用","1","5","1","1","501","501","46","46","平均","平均","50000","5000","防御：水 — Guard: Aqua","减低来自水属性的伤害25%","","","","","","风球 — Wind Ball","对单体敌人造成1.0倍ATK的风属性攻击","1.0","风 风","风之雷电 — Wind Volt","对单体敌人造成2.3倍ATK的风属性攻击","2.3","风 风 风 风","","","无","无","","","0","不限","不限","0"
"196","黄金蛋 — Gold Egg","蛋","光","强化合成用","1","3","1","1","104","104","30","30","平均","平均","2000","3000","防御：闇 — Guard: Dark","减低来自闇属性的伤害25%","","","","","","光球 — Light Ball","对单体敌人造成1.0倍ATK的光属性攻击","1.0","光 光","光之重击 — Light Blow","对单体敌人造成1.6倍ATK的光属性攻击","1.6","光 光 光","","","期间","无","","","0","不限","不限","0"
"197","大黄金蛋 — High Gold Egg","蛋","光","强化合成用","1","4","1","1","259","259","33","33","平均","平均","15000","30000","防御：闇 — Guard: Dark","减低来自闇属性的伤害25%","","","","","","光球 — Light Ball","对单体敌人造成1.0倍ATK的光属性攻击","1.0","光 光","光之重击 — Light Blow","对单体敌人造成1.6倍ATK的光属性攻击","1.6","光 光 光","","","期间","无","","","0","不限","不限","0"
"198","黄金蛋王 — King Gold Egg","蛋","光","强化合成用","1","5","1","1","509","509","42","42","平均","平均","50000","300000","防御：闇 — Guard: Dark","减低来自闇属性的伤害25%","","","","","","光球 — Light Ball","对单体敌人造成1.0倍ATK的光属性攻击","1.0","光 光","光之雷电 — Light Volt","对单体敌人造成2.3倍ATK的光属性攻击","2.3","光 光 光 光","","","期间","无","","","0","不限","不限","0"
"199","闇蛋 — Dark Egg","蛋","闇","强化合成用","1","3","1","1","102","102","27","27","平均","平均","2000","200","防御：光 — Guard: Light","减低来自光属性的伤害25%","","","","","","闇球 — Dark Ball","对单体敌人造成1.0倍ATK的闇属性攻击","1.0","闇 闇","闇之重击 — Dark Blow","对单体敌人造成1.6倍ATK的闇属性攻击","1.6","闇 闇 闇","","","无","无","","","0","不限","不限","0"
"200","大闇蛋 — High Dark Egg","蛋","闇","强化合成用","1","4","1","1","253","253","36","36","平均","平均","15000","1500","防御：光 — Guard: Light","减低来自光属性的伤害25%","","","","","","闇球 — Dark Ball","对单体敌人造成1.0倍ATK的闇属性攻击","1.0","闇 闇","闇之重击 — Dark Blow","对单体敌人造成1.6倍ATK的闇属性攻击","1.6","闇 闇 闇","","","无","无","","","0","不限","不限","0"
"201","闇蛋王 — King Dark Egg","蛋","闇","强化合成用","1","5","1","1","502","502","49","49","平均","平均","50000","5000","防御：光 — Guard: Light","减低来自光属性的伤害25%","","","","","","闇球 — Dark Ball","对单体敌人造成1.0倍ATK的闇属性攻击","1.0","闇 闇","闇之雷电 — Dark Volt","对单体敌人造成2.3倍ATK的闇属性攻击","2.3","闇 闇 闇 闇","","","无","无","","","0","不限","不限","0"
"202","金属蛋 — Metal Egg","蛋","无","强化合成用","1","3","1","1","104","104","22","22","平均","平均","2000","200","防御：无 — Guard: None","减低来自无属性的伤害25%","","","","","","无球 — None Ball","对单体敌人造成1.0倍ATK的无属性攻击","1.0","无 无","无之重击 — None Blow","对单体敌人造成1.6倍ATK的无属性攻击","1.6","无 无 无","","","期间","无","","","0","不限","不限","0"
"203","大金属蛋 — High Metal Egg","蛋","无","强化合成用","1","4","1","1","251","251","37","37","平均","平均","15000","1500","防御：无 — Guard: None","减低来自无属性的伤害25%","","","","","","无球 — None Ball","对单体敌人造成1.0倍ATK的无属性攻击","1.0","无 无","无之重击 — None Blow","对单体敌人造成1.6倍ATK的无属性攻击","1.6","无 无 无","","","无","无","","","0","不限","不限","0"
"204","金属蛋王 — King Metal Egg","蛋","无","强化合成用","1","5","1","1","501","501","48","48","平均","平均","50000","5000","防御：无 — Guard: None","减低来自无属性的伤害25%","","","","","","无球 — None Ball","对单体敌人造成1.0倍ATK的无属性攻击","1.0","无 无","无之雷电 — None Volt","对单体敌人造成2.3倍ATK的无属性攻击","2.3","无 无 无 无","","","无","无","","","0","不限","不限","0"
"205","剑之武装 — Sword-arm","第四世代","火","机械","5","3","15","14463","39","243","114","399","平均","平均","350","100","","","炎骑士 — Flammen Ritter","对单体敌人造成5倍ATK的火属性攻击","5","30","20","火剑 — Fire Sword","对单体敌人造成1.0倍ATK的火属性攻击","1.0","火 火","火之冲刺 — Fire Rush","对全体敌人造成1.6倍ATK的火属性攻击","1.6","火 火 火 火 火","","","无","无","","169 169","206","任何","不限","Lv.1或以上"
"206","剑之武装：二型 — Sword-arm: Second","第四世代","火","机械","8","4","50","331457","195","529","360","958","平均","平均","450","250","","","炎骑士Ⅱ — Flammen RitterII","对单体敌人造成10倍ATK的火属性攻击","10","45","30","火剑：贰式 — Fire Sword: Second","对单体敌人造成1.6倍ATK的火属性攻击","1.6","火 火 火","火之冲刺 — Fire Rush","对全体敌人造成1.6倍ATK的火属性攻击","1.6","火 火 火 火 火","","","无","无","进化","","0","不限","不限","0"
"207","矛之武装 — Lance-arm","第四世代","水","机械","5","3","15","14463","41","256","103","384","平均","平均","350","100","","","冰之矛 — Eis Lanze","对单体敌人造成5倍ATK的水属性攻击","5","30","20","水矛 — Aqua Lance","对单体敌人造成1.0倍ATK的水属性攻击","1.0","水 水","水之冲刺 — Aqua Rush","对全体敌人造成1.6倍ATK的水属性攻击","1.6","水 水 水 水 水","","","无","无","","170 170","208","任何","不限","Lv.1或以上"
"208","矛之武装：二型 — Lance-arm: Second","第四世代","水","机械","8","4","50","331457","209","536","351","973","平均","平均","450","250","","","冰之矛Ⅱ — Eis LanzeII","对单体敌人造成10倍ATK的水属性攻击","10","45","30","水矛：贰式 — Aqua Lance: Second","对单体敌人造成1.6倍ATK的水属性攻击","1.6","水 水 水","水之冲刺 — Aqua Rush","对全体敌人造成1.6倍ATK的水属性攻击","1.6","水 水 水 水 水","","","无","无","进化","","0","不限","不限","0"
"209","箭之武装 — Arrow-arm","第四世代","风","机械","5","3","15","14463","43","249","110","395","平均","平均","350","100","","","风之弓 — Wind Bogen","对单体敌人造成5倍ATK的风属性攻击","5","30","20","风箭 — Wind Arrow","对单体敌人造成1.0倍ATK的风属性攻击","1.0","风 风","风之冲刺 — Wind Rush","对全体敌人造成1.6倍ATK的风属性攻击","1.6","风 风 风 风 风","","","无","无","","171 171","210","任何","不限","Lv.1或以上"
"210","箭之武装：二型 — Arrow-arm: Second","第四世代","风","机械","8","4","50","331457","199","551","353","908","平均","平均","450","250","","","风之弓Ⅱ — Wind BogenII","对单体敌人造成10倍ATK的风属性攻击","10","45","30","风箭：贰式 — Wind Arrow: Second","对单体敌人造成1.6倍ATK的风属性攻击","1.6","风 风 风","风之冲刺 — Wind Rush","对全体敌人造成1.6倍ATK的风属性攻击","1.6","风 风 风 风 风","","","无","无","进化","","0","不限","不限","0"
"211","斧之武装 — Axe-arm","第四世代","光","机械","5","3","15","14463","34","240","106","381","平均","平均","350","100","","","辉之铊 — Schein Beil","对单体敌人造成5倍ATK的光属性攻击","5","30","20","光斧 — Light Axe","对单体敌人造成1.0倍ATK的光属性攻击","1.0","光 光","光之冲刺 — Light Rush","对全体敌人造成1.6倍ATK的光属性攻击","1.6","光 光 光 光 光","","","无","无","","172 172","212","任何","不限","Lv.1或以上"
"212","斧之武装：二型 — Axe-arm: Second","第四世代","光","机械","8","4","50","331457","189","521","344","996","平均","平均","450","250","","","辉之铊Ⅱ — Schein BeilII","对单体敌人造成10倍ATK的光属性攻击","10","45","30","光斧：贰式 — Light Axe: Second","对单体敌人造成1.6倍ATK的光属性攻击","1.6","光 光 光","光之冲刺 — Light Rush","对全体敌人造成1.6倍ATK的光属性攻击","1.6","光 光 光 光 光","","","无","无","进化","","0","不限","不限","0"
"213","镰之武装 — Scythe-arm","第四世代","闇","机械","5","3","15","14463","32","228","105","388","平均","平均","350","100","","","夜长刀 — Nacht Glefe","对单体敌人造成5倍ATK的闇属性攻击","5","30","20","闇镰 — Dark Sickle","对单体敌人造成1.0倍ATK的闇属性攻击","1.0","闇 闇","闇之冲刺 — Dark Rush","对全体敌人造成1.6倍ATK的闇属性攻击","1.6","闇 闇 闇 闇 闇","","","无","无","","173 173","214","任何","不限","Lv.1或以上"
"214","镰之武装：二型 — Scythe-arm: Second","第四世代","闇","机械","8","4","50","331457","189","517","350","925","平均","平均","450","250","","","夜长刀Ⅱ — Nacht GlefeII","对单体敌人造成10倍ATK的闇属性攻击","10","45","30","闇镰：贰式 — Dark Sickle: Second","对单体敌人造成1.6倍ATK的闇属性攻击","1.6","闇 闇 闇","闇之冲刺 — Dark Rush","对全体敌人造成1.6倍ATK的闇属性攻击","1.6","闇 闇 闇 闇 闇","","","无","无","进化","","0","不限","不限","0"
"215","钻之武装 — Drill-arm","第四世代","无","机械","5","3","15","14463","41","247","110","386","平均","平均","350","100","","","白钻头 — Weiß Bohrer","对单体敌人造成5倍ATK的无属性攻击","5","30","20","无钻 — None Drill","对单体敌人造成1.0倍ATK的无属性攻击","1.0","无 无","无之冲刺 — None Rush","对全体敌人造成1.6倍ATK的无属性攻击","1.6","无 无 无 无 无","","","无","无","","174 174","216","任何","不限","Lv.1或以上"
"216","钻之武装：二型 — Drill-arm: Second","第四世代","无","机械","8","4","50","331457","195","531","354","988","平均","平均","450","250","","","白钻头Ⅱ — Weiß BohrerII","对单体敌人造成10倍ATK的无属性攻击","10","45","30","无钻：贰式 — None Drill: Second","对单体敌人造成1.6倍ATK的无属性攻击","1.6","无 无 无","无之冲刺 — None Rush","对全体敌人造成1.6倍ATK的无属性攻击","1.6","无 无 无 无 无","","","无","无","进化","","0","不限","不限","0"
"217","洛基 — Loki","主线乱入","无","神","30","5","50","883884","352","1890","253","945","晚成","晚成","1500","725","骗子 — Trickster","打出3个不同属性的普通技能时，攻击力增强至2.5倍","重制‧手牌 — Remake Hands","将手牌随机变化","","13","3","剧痛 — Grand Pain","对单体敌人造成1.6倍ATK的无属性攻击","1.6","无 无","胜利之剑：仿制品 — Lævateinn: Replica","对全体敌人造成1.6倍ATK的无属性攻击","1.6","无 无 无 无","","","无","无","","179 64 183","218","无","不限","Lv.35或以上"
"218","恶戏王洛基 — Loki, the Mischief King","主线乱入","无","神","50","6","99","5000000","1510","3368","756","1771","晚成","晚成","2500","825","骗子 — Trickster","打出3个不同属性的普通技能时，攻击力增强至2.5倍","重制‧手牌 — Remake Hands","将手牌随机变化","","13","3","幻肢痛 — Phantom Pain","对单体敌人造成2.3倍ATK的无属性攻击","2.3","无 无","胜利之剑：起源 — Lævateinn: Origin","对全体敌人造成2.8倍ATK的无属性攻击","2.8","心 水 风 闇","","","无","无","进化","","0","不限","不限","0"
"219","柯罗诺斯 — Chronos","神","无","神","13","5","50","883884","259","1168","127","549","晚成","晚成","125","10","加速器 — Accelerator","延长方块移动的时间1秒","快速 — Quick","1回合内，延长方块移动的时间1秒","","27","18","永恒 — Timeless","对单体敌人造成1.6倍ATK的无属性攻击","1.6","无 无","时间尽头 — End of Time","对全体敌人造成2.5倍ATK的无属性攻击","2.5","无 无 无 无 无","","","无","无","","186 168 162","220","无","不限","Lv.70或以上"
"220","观测者柯罗诺斯 — Chronos, the Observer","神","无","神","33","6","99","5000000","937","2339","494","1073","晚成","晚成","500","50","加速器Ⅱ — AcceleratorII","延长方块移动的时间2秒","快速Ⅱ — QuickII","1回合内，延长方块移动的时间2秒","","27","18","永恒‧世界 — Timeless World","对单体敌人造成1.6倍ATK的无属性攻击","1.6","无 无","时间尽头 — End of Time","对全体敌人造成2.5倍ATK的无属性攻击","2.5","无 无 无 无 无","","","无","无","进化","","0","不限","不限","0"
"221","业炎灼烧之灵","神","火","神","50","6","99","5000000","1413","3499","564","1178","晚成","晚成","1750","650","业炎之力","所有火属性Unit的ATK提升至2.5倍","灼热的业炎","对全体敌人造成40倍ATK的火属性攻击","40","50","40","赤红盛燃之羽","对单体敌人造成1.6倍ATK的火属性攻击","1.6","火 火 火","烧尽一切的业火","对全体敌人造成2.5倍ATK的火属性攻击","2.5","火 火 火 火 火","","","无","期间","","","0","不限","不限","0"
"222","漂泊流水之灵","神","水","神","50","6","99","5000000","1425","3842","553","1156","晚成","晚成","1750","650","流水之力","所有水属性Unit的ATK提升至2.5倍","涡卷的流水","对全体敌人造成40倍ATK的水属性攻击","40","50","40","温泉摇荡之牙","对单体敌人造成1.6倍ATK的水属性攻击","1.6","水 水 水","冲洗一切的激流","对全体敌人造成2.5倍ATK的水属性攻击","2.5","水 水 水 水 水","","","无","期间","","","0","不限","不限","0"
"223","旋风吹卷之灵","神","风","神","50","6","99","5000000","1444","3890","545","1141","晚成","晚成","1750","650","旋风之力","所有风属性Unit的ATK提升至2.5倍","愤怒的旋风","对全体敌人造成40倍ATK的风属性攻击","40","50","40","轻飘锐利之镰","对单体敌人造成1.6倍ATK的风属性攻击","1.6","风 风 风","吹飞一切的风暴","对全体敌人造成2.5倍ATK的风属性攻击","2.5","风 风 风 风 风","","","无","期间","","","0","不限","不限","0"
"224","闪光照耀之灵","神","光","神","50","6","99","5000000","1422","3819","532","1115","晚成","晚成","1750","650","闪光之力","所有光属性Unit的ATK提升至2.5倍","耀眼的闪光","回复100%的HP","","35","25","光辉灿烂之瞳","对单体敌人造成1.6倍ATK的光属性攻击","1.6","光 光 光","照耀一切的亮光","对全体敌人造成2.5倍ATK的光属性攻击","2.5","光 光 光 光 光","","","无","期间","","","0","不限","不限","0"
"225","抱拥常暗之灵","神","闇","神","50","6","99","5000000","1432","3867","572","1190","晚成","晚成","1750","650","常闇之力","所有闇属性Unit的ATK提升至2.5倍","深渊的常闇","对全体敌人造成40倍ATK的闇属性攻击","40","50","40","黑暗灾祸之角","对单体敌人造成1.6倍ATK的闇属性攻击","1.6","闇 闇 闇","吞噬一切的深渊","对全体敌人造成2.5倍ATK的闇属性攻击","2.5","闇 闇 闇 闇 闇","","","无","期间","","","0","不限","不限","0"
"226","终归绝无之灵","神","无","神","50","6","99","5000000","1423","3848","550","1157","晚成","晚成","1750","650","绝无之力","所有无属性Unit的ATK提升至2.5倍","永在的绝无","对全体敌人造成40倍ATK的无属性攻击","40","50","40","雪白无情之爪","对单体敌人造成1.6倍ATK的无属性攻击","1.6","无 无 无","归空一切的否定","对全体敌人造成2.5倍ATK的无属性攻击","2.5","无 无 无 无 无","","","无","期间","","","0","不限","不限","0"
